--1. Station

Insert into S20_1_STATION (STATION_CODE,STATION_NAME,NO_OF_PLATFORMS,PHONE_NO) values ('PNQ','PUNE',5,1234567890);
Insert into S20_1_STATION (STATION_CODE,STATION_NAME,NO_OF_PLATFORMS,PHONE_NO) values ('MUM','MUMBAI',14,2134567890);
Insert into S20_1_STATION (STATION_CODE,STATION_NAME,NO_OF_PLATFORMS,PHONE_NO) values ('HYD','HYDERABAD',4,4123567890);
Insert into S20_1_STATION (STATION_CODE,STATION_NAME,NO_OF_PLATFORMS,PHONE_NO) values ('BAN','BANGLORE',6,5123467890);
Insert into S20_1_STATION (STATION_CODE,STATION_NAME,NO_OF_PLATFORMS,PHONE_NO) values ('NDL','NEW_DELHI',15,6123457890);
Insert into S20_1_STATION (STATION_CODE,STATION_NAME,NO_OF_PLATFORMS,PHONE_NO) values ('JAI','JAPUR',4,9123456780);

SELECT * from S20_1_STATION ;


--2. Bogie

Insert into SXS1987.S20_1_BOGIE (BOGIE_NO,CLASS,MANUFACTURED_YEAR,STATION_CODE) values (41111,'SL',2013,'PNQ');
Insert into SXS1987.S20_1_BOGIE (BOGIE_NO,CLASS,MANUFACTURED_YEAR,STATION_CODE) values (41112,'SL',2019,'MUM');
Insert into SXS1987.S20_1_BOGIE (BOGIE_NO,CLASS,MANUFACTURED_YEAR,STATION_CODE) values (41113,'SL',2011,'HYD');
Insert into SXS1987.S20_1_BOGIE (BOGIE_NO,CLASS,MANUFACTURED_YEAR,STATION_CODE) values (41114,'SL',2017,'BAN');
Insert into SXS1987.S20_1_BOGIE (BOGIE_NO,CLASS,MANUFACTURED_YEAR,STATION_CODE) values (41115,'SL',2012,'NDL');
Insert into SXS1987.S20_1_BOGIE (BOGIE_NO,CLASS,MANUFACTURED_YEAR,STATION_CODE) values (41116,'SL',2019,'JAI');
Insert into SXS1987.S20_1_BOGIE (BOGIE_NO,CLASS,MANUFACTURED_YEAR,STATION_CODE) values (41117,'SL',2011,'PNQ');
Insert into SXS1987.S20_1_BOGIE (BOGIE_NO,CLASS,MANUFACTURED_YEAR,STATION_CODE) values (41118,'SL',2011,'MUM');
Insert into SXS1987.S20_1_BOGIE (BOGIE_NO,CLASS,MANUFACTURED_YEAR,STATION_CODE) values (41119,'SL',2018,'HYD');
Insert into SXS1987.S20_1_BOGIE (BOGIE_NO,CLASS,MANUFACTURED_YEAR,STATION_CODE) values (41120,'SL',2014,'BAN');
Insert into SXS1987.S20_1_BOGIE (BOGIE_NO,CLASS,MANUFACTURED_YEAR,STATION_CODE) values (41121,'SL',2019,'NDL');
Insert into SXS1987.S20_1_BOGIE (BOGIE_NO,CLASS,MANUFACTURED_YEAR,STATION_CODE) values (41122,'SL',2013,'JAI');
Insert into SXS1987.S20_1_BOGIE (BOGIE_NO,CLASS,MANUFACTURED_YEAR,STATION_CODE) values (41123,'SL',2018,'PNQ');
Insert into SXS1987.S20_1_BOGIE (BOGIE_NO,CLASS,MANUFACTURED_YEAR,STATION_CODE) values (41124,'SL',2013,'MUM');
Insert into SXS1987.S20_1_BOGIE (BOGIE_NO,CLASS,MANUFACTURED_YEAR,STATION_CODE) values (41125,'SL',2012,'HYD');
Insert into SXS1987.S20_1_BOGIE (BOGIE_NO,CLASS,MANUFACTURED_YEAR,STATION_CODE) values (41126,'SL',2010,'BAN');
Insert into SXS1987.S20_1_BOGIE (BOGIE_NO,CLASS,MANUFACTURED_YEAR,STATION_CODE) values (41127,'SL',2010,'NDL');
Insert into SXS1987.S20_1_BOGIE (BOGIE_NO,CLASS,MANUFACTURED_YEAR,STATION_CODE) values (41128,'SL',2015,'JAI');
Insert into SXS1987.S20_1_BOGIE (BOGIE_NO,CLASS,MANUFACTURED_YEAR,STATION_CODE) values (41129,'SL',2010,'PNQ');
Insert into SXS1987.S20_1_BOGIE (BOGIE_NO,CLASS,MANUFACTURED_YEAR,STATION_CODE) values (41130,'SL',2019,'MUM');
Insert into SXS1987.S20_1_BOGIE (BOGIE_NO,CLASS,MANUFACTURED_YEAR,STATION_CODE) values (41131,'SL',2019,'HYD');
Insert into SXS1987.S20_1_BOGIE (BOGIE_NO,CLASS,MANUFACTURED_YEAR,STATION_CODE) values (41132,'SL',2015,'BAN');
Insert into SXS1987.S20_1_BOGIE (BOGIE_NO,CLASS,MANUFACTURED_YEAR,STATION_CODE) values (41133,'SL',2016,'NDL');
Insert into SXS1987.S20_1_BOGIE (BOGIE_NO,CLASS,MANUFACTURED_YEAR,STATION_CODE) values (41134,'SL',2014,'JAI');
Insert into SXS1987.S20_1_BOGIE (BOGIE_NO,CLASS,MANUFACTURED_YEAR,STATION_CODE) values (41135,'SL',2013,'PNQ');
Insert into SXS1987.S20_1_BOGIE (BOGIE_NO,CLASS,MANUFACTURED_YEAR,STATION_CODE) values (41136,'SL',2019,'MUM');
Insert into SXS1987.S20_1_BOGIE (BOGIE_NO,CLASS,MANUFACTURED_YEAR,STATION_CODE) values (41137,'SL',2013,'HYD');
Insert into SXS1987.S20_1_BOGIE (BOGIE_NO,CLASS,MANUFACTURED_YEAR,STATION_CODE) values (41138,'SL',2010,'BAN');
Insert into SXS1987.S20_1_BOGIE (BOGIE_NO,CLASS,MANUFACTURED_YEAR,STATION_CODE) values (41139,'SL',2016,'NDL');
Insert into SXS1987.S20_1_BOGIE (BOGIE_NO,CLASS,MANUFACTURED_YEAR,STATION_CODE) values (41140,'SL',2010,'JAI');
Insert into SXS1987.S20_1_BOGIE (BOGIE_NO,CLASS,MANUFACTURED_YEAR,STATION_CODE) values (41141,'SL',2018,'PNQ');
Insert into SXS1987.S20_1_BOGIE (BOGIE_NO,CLASS,MANUFACTURED_YEAR,STATION_CODE) values (41142,'SL',2012,'MUM');
Insert into SXS1987.S20_1_BOGIE (BOGIE_NO,CLASS,MANUFACTURED_YEAR,STATION_CODE) values (41143,'SL',2012,'HYD');
Insert into SXS1987.S20_1_BOGIE (BOGIE_NO,CLASS,MANUFACTURED_YEAR,STATION_CODE) values (41144,'SL',2011,'BAN');
Insert into SXS1987.S20_1_BOGIE (BOGIE_NO,CLASS,MANUFACTURED_YEAR,STATION_CODE) values (41145,'SL',2008,'NDL');
Insert into SXS1987.S20_1_BOGIE (BOGIE_NO,CLASS,MANUFACTURED_YEAR,STATION_CODE) values (41146,'SL',2006,'JAI');
Insert into SXS1987.S20_1_BOGIE (BOGIE_NO,CLASS,MANUFACTURED_YEAR,STATION_CODE) values (41147,'SL',2004,'PNQ');
Insert into SXS1987.S20_1_BOGIE (BOGIE_NO,CLASS,MANUFACTURED_YEAR,STATION_CODE) values (41148,'SL',2003,'MUM');
Insert into SXS1987.S20_1_BOGIE (BOGIE_NO,CLASS,MANUFACTURED_YEAR,STATION_CODE) values (41149,'SL',2007,'HYD');
Insert into SXS1987.S20_1_BOGIE (BOGIE_NO,CLASS,MANUFACTURED_YEAR,STATION_CODE) values (31111,'3AC',2001,'PNQ');
Insert into SXS1987.S20_1_BOGIE (BOGIE_NO,CLASS,MANUFACTURED_YEAR,STATION_CODE) values (31112,'3AC',2006,'MUM');
Insert into SXS1987.S20_1_BOGIE (BOGIE_NO,CLASS,MANUFACTURED_YEAR,STATION_CODE) values (31113,'3AC',2007,'HYD');
Insert into SXS1987.S20_1_BOGIE (BOGIE_NO,CLASS,MANUFACTURED_YEAR,STATION_CODE) values (31114,'3AC',2009,'BAN');
Insert into SXS1987.S20_1_BOGIE (BOGIE_NO,CLASS,MANUFACTURED_YEAR,STATION_CODE) values (31115,'3AC',2014,'NDL');
Insert into SXS1987.S20_1_BOGIE (BOGIE_NO,CLASS,MANUFACTURED_YEAR,STATION_CODE) values (31116,'3AC',2018,'JAI');
Insert into SXS1987.S20_1_BOGIE (BOGIE_NO,CLASS,MANUFACTURED_YEAR,STATION_CODE) values (31117,'3AC',2016,'PNQ');
Insert into SXS1987.S20_1_BOGIE (BOGIE_NO,CLASS,MANUFACTURED_YEAR,STATION_CODE) values (31118,'3AC',2018,'MUM');
Insert into SXS1987.S20_1_BOGIE (BOGIE_NO,CLASS,MANUFACTURED_YEAR,STATION_CODE) values (31119,'3AC',2011,'HYD');
Insert into SXS1987.S20_1_BOGIE (BOGIE_NO,CLASS,MANUFACTURED_YEAR,STATION_CODE) values (31120,'3AC',2013,'BAN');
Insert into SXS1987.S20_1_BOGIE (BOGIE_NO,CLASS,MANUFACTURED_YEAR,STATION_CODE) values (31121,'3AC',2015,'NDL');
Insert into SXS1987.S20_1_BOGIE (BOGIE_NO,CLASS,MANUFACTURED_YEAR,STATION_CODE) values (31122,'3AC',2015,'JAI');
Insert into SXS1987.S20_1_BOGIE (BOGIE_NO,CLASS,MANUFACTURED_YEAR,STATION_CODE) values (31123,'3AC',2015,'PNQ');
Insert into SXS1987.S20_1_BOGIE (BOGIE_NO,CLASS,MANUFACTURED_YEAR,STATION_CODE) values (31124,'3AC',2012,'MUM');
Insert into SXS1987.S20_1_BOGIE (BOGIE_NO,CLASS,MANUFACTURED_YEAR,STATION_CODE) values (31125,'3AC',2010,'HYD');
Insert into SXS1987.S20_1_BOGIE (BOGIE_NO,CLASS,MANUFACTURED_YEAR,STATION_CODE) values (31126,'3AC',2014,'BAN');
Insert into SXS1987.S20_1_BOGIE (BOGIE_NO,CLASS,MANUFACTURED_YEAR,STATION_CODE) values (31127,'3AC',2015,'NDL');
Insert into SXS1987.S20_1_BOGIE (BOGIE_NO,CLASS,MANUFACTURED_YEAR,STATION_CODE) values (31128,'3AC',2012,'JAI');
Insert into SXS1987.S20_1_BOGIE (BOGIE_NO,CLASS,MANUFACTURED_YEAR,STATION_CODE) values (31129,'3AC',2014,'PNQ');
Insert into SXS1987.S20_1_BOGIE (BOGIE_NO,CLASS,MANUFACTURED_YEAR,STATION_CODE) values (31130,'3AC',2018,'MUM');
Insert into SXS1987.S20_1_BOGIE (BOGIE_NO,CLASS,MANUFACTURED_YEAR,STATION_CODE) values (31131,'3AC',2013,'HYD');
Insert into SXS1987.S20_1_BOGIE (BOGIE_NO,CLASS,MANUFACTURED_YEAR,STATION_CODE) values (31132,'3AC',2018,'BAN');
Insert into SXS1987.S20_1_BOGIE (BOGIE_NO,CLASS,MANUFACTURED_YEAR,STATION_CODE) values (31133,'3AC',2017,'NDL');
Insert into SXS1987.S20_1_BOGIE (BOGIE_NO,CLASS,MANUFACTURED_YEAR,STATION_CODE) values (31134,'3AC',2013,'JAI');
Insert into SXS1987.S20_1_BOGIE (BOGIE_NO,CLASS,MANUFACTURED_YEAR,STATION_CODE) values (31135,'3AC',2016,'PNQ');
Insert into SXS1987.S20_1_BOGIE (BOGIE_NO,CLASS,MANUFACTURED_YEAR,STATION_CODE) values (31136,'3AC',2016,'MUM');
Insert into SXS1987.S20_1_BOGIE (BOGIE_NO,CLASS,MANUFACTURED_YEAR,STATION_CODE) values (31137,'3AC',2010,'HYD');
Insert into SXS1987.S20_1_BOGIE (BOGIE_NO,CLASS,MANUFACTURED_YEAR,STATION_CODE) values (31138,'3AC',2016,'BAN');
Insert into SXS1987.S20_1_BOGIE (BOGIE_NO,CLASS,MANUFACTURED_YEAR,STATION_CODE) values (31139,'3AC',2019,'NDL');
Insert into SXS1987.S20_1_BOGIE (BOGIE_NO,CLASS,MANUFACTURED_YEAR,STATION_CODE) values (31140,'3AC',2015,'JAI');
Insert into SXS1987.S20_1_BOGIE (BOGIE_NO,CLASS,MANUFACTURED_YEAR,STATION_CODE) values (31141,'3AC',2010,'PNQ');
Insert into SXS1987.S20_1_BOGIE (BOGIE_NO,CLASS,MANUFACTURED_YEAR,STATION_CODE) values (31142,'3AC',2013,'MUM');
Insert into SXS1987.S20_1_BOGIE (BOGIE_NO,CLASS,MANUFACTURED_YEAR,STATION_CODE) values (31143,'3AC',2017,'HYD');
Insert into SXS1987.S20_1_BOGIE (BOGIE_NO,CLASS,MANUFACTURED_YEAR,STATION_CODE) values (31144,'3AC',2014,'BAN');
Insert into SXS1987.S20_1_BOGIE (BOGIE_NO,CLASS,MANUFACTURED_YEAR,STATION_CODE) values (31145,'3AC',2013,'NDL');
Insert into SXS1987.S20_1_BOGIE (BOGIE_NO,CLASS,MANUFACTURED_YEAR,STATION_CODE) values (31146,'3AC',2016,'JAI');
Insert into SXS1987.S20_1_BOGIE (BOGIE_NO,CLASS,MANUFACTURED_YEAR,STATION_CODE) values (31147,'3AC',2014,'PNQ');
Insert into SXS1987.S20_1_BOGIE (BOGIE_NO,CLASS,MANUFACTURED_YEAR,STATION_CODE) values (31148,'3AC',2018,'MUM');
Insert into SXS1987.S20_1_BOGIE (BOGIE_NO,CLASS,MANUFACTURED_YEAR,STATION_CODE) values (31149,'3AC',2013,'HYD');
Insert into SXS1987.S20_1_BOGIE (BOGIE_NO,CLASS,MANUFACTURED_YEAR,STATION_CODE) values (31150,'3AC',2017,'BAN');
Insert into SXS1987.S20_1_BOGIE (BOGIE_NO,CLASS,MANUFACTURED_YEAR,STATION_CODE) values (31151,'3AC',2015,'NDL');
Insert into SXS1987.S20_1_BOGIE (BOGIE_NO,CLASS,MANUFACTURED_YEAR,STATION_CODE) values (31152,'3AC',2019,'JAI');
Insert into SXS1987.S20_1_BOGIE (BOGIE_NO,CLASS,MANUFACTURED_YEAR,STATION_CODE) values (31153,'3AC',2010,'PNQ');
Insert into SXS1987.S20_1_BOGIE (BOGIE_NO,CLASS,MANUFACTURED_YEAR,STATION_CODE) values (31154,'3AC',2015,'MUM');
Insert into SXS1987.S20_1_BOGIE (BOGIE_NO,CLASS,MANUFACTURED_YEAR,STATION_CODE) values (31155,'3AC',2017,'HYD');
Insert into SXS1987.S20_1_BOGIE (BOGIE_NO,CLASS,MANUFACTURED_YEAR,STATION_CODE) values (31156,'3AC',2013,'BAN');
Insert into SXS1987.S20_1_BOGIE (BOGIE_NO,CLASS,MANUFACTURED_YEAR,STATION_CODE) values (31157,'3AC',2010,'NDL');
Insert into SXS1987.S20_1_BOGIE (BOGIE_NO,CLASS,MANUFACTURED_YEAR,STATION_CODE) values (31158,'3AC',2014,'JAI');
Insert into SXS1987.S20_1_BOGIE (BOGIE_NO,CLASS,MANUFACTURED_YEAR,STATION_CODE) values (31159,'3AC',2012,'PNQ');
Insert into SXS1987.S20_1_BOGIE (BOGIE_NO,CLASS,MANUFACTURED_YEAR,STATION_CODE) values (31160,'3AC',2010,'MUM');
Insert into SXS1987.S20_1_BOGIE (BOGIE_NO,CLASS,MANUFACTURED_YEAR,STATION_CODE) values (31161,'3AC',2018,'HYD');
Insert into SXS1987.S20_1_BOGIE (BOGIE_NO,CLASS,MANUFACTURED_YEAR,STATION_CODE) values (31162,'3AC',2013,'BAN');
Insert into SXS1987.S20_1_BOGIE (BOGIE_NO,CLASS,MANUFACTURED_YEAR,STATION_CODE) values (31163,'3AC',2016,'NDL');
Insert into SXS1987.S20_1_BOGIE (BOGIE_NO,CLASS,MANUFACTURED_YEAR,STATION_CODE) values (31164,'3AC',2015,'JAI');
Insert into SXS1987.S20_1_BOGIE (BOGIE_NO,CLASS,MANUFACTURED_YEAR,STATION_CODE) values (31165,'3AC',2018,'PNQ');
Insert into SXS1987.S20_1_BOGIE (BOGIE_NO,CLASS,MANUFACTURED_YEAR,STATION_CODE) values (31166,'3AC',2017,'MUM');
Insert into SXS1987.S20_1_BOGIE (BOGIE_NO,CLASS,MANUFACTURED_YEAR,STATION_CODE) values (21111,'2AC',2015,'MUM');
Insert into SXS1987.S20_1_BOGIE (BOGIE_NO,CLASS,MANUFACTURED_YEAR,STATION_CODE) values (21112,'2AC',2013,'HYD');
Insert into SXS1987.S20_1_BOGIE (BOGIE_NO,CLASS,MANUFACTURED_YEAR,STATION_CODE) values (21113,'2AC',2012,'BAN');
Insert into SXS1987.S20_1_BOGIE (BOGIE_NO,CLASS,MANUFACTURED_YEAR,STATION_CODE) values (21114,'2AC',2012,'NDL');
Insert into SXS1987.S20_1_BOGIE (BOGIE_NO,CLASS,MANUFACTURED_YEAR,STATION_CODE) values (21115,'2AC',2013,'MUM');
Insert into SXS1987.S20_1_BOGIE (BOGIE_NO,CLASS,MANUFACTURED_YEAR,STATION_CODE) values (21116,'2AC',2011,'HYD');
Insert into SXS1987.S20_1_BOGIE (BOGIE_NO,CLASS,MANUFACTURED_YEAR,STATION_CODE) values (21117,'2AC',2017,'BAN');
Insert into SXS1987.S20_1_BOGIE (BOGIE_NO,CLASS,MANUFACTURED_YEAR,STATION_CODE) values (21118,'2AC',2015,'NDL');
Insert into SXS1987.S20_1_BOGIE (BOGIE_NO,CLASS,MANUFACTURED_YEAR,STATION_CODE) values (21119,'2AC',2010,'MUM');
Insert into SXS1987.S20_1_BOGIE (BOGIE_NO,CLASS,MANUFACTURED_YEAR,STATION_CODE) values (21120,'2AC',2018,'HYD');
Insert into SXS1987.S20_1_BOGIE (BOGIE_NO,CLASS,MANUFACTURED_YEAR,STATION_CODE) values (21121,'2AC',2011,'BAN');
Insert into SXS1987.S20_1_BOGIE (BOGIE_NO,CLASS,MANUFACTURED_YEAR,STATION_CODE) values (21122,'2AC',2019,'NDL');
Insert into SXS1987.S20_1_BOGIE (BOGIE_NO,CLASS,MANUFACTURED_YEAR,STATION_CODE) values (21123,'2AC',2019,'MUM');
Insert into SXS1987.S20_1_BOGIE (BOGIE_NO,CLASS,MANUFACTURED_YEAR,STATION_CODE) values (21124,'2AC',2013,'HYD');
Insert into SXS1987.S20_1_BOGIE (BOGIE_NO,CLASS,MANUFACTURED_YEAR,STATION_CODE) values (21125,'2AC',2018,'BAN');
Insert into SXS1987.S20_1_BOGIE (BOGIE_NO,CLASS,MANUFACTURED_YEAR,STATION_CODE) values (21126,'2AC',2019,'NDL');
Insert into SXS1987.S20_1_BOGIE (BOGIE_NO,CLASS,MANUFACTURED_YEAR,STATION_CODE) values (21127,'2AC',2014,'MUM');
Insert into SXS1987.S20_1_BOGIE (BOGIE_NO,CLASS,MANUFACTURED_YEAR,STATION_CODE) values (21128,'2AC',2011,'HYD');
Insert into SXS1987.S20_1_BOGIE (BOGIE_NO,CLASS,MANUFACTURED_YEAR,STATION_CODE) values (21129,'2AC',2018,'BAN');
Insert into SXS1987.S20_1_BOGIE (BOGIE_NO,CLASS,MANUFACTURED_YEAR,STATION_CODE) values (21130,'2AC',2018,'NDL');
Insert into SXS1987.S20_1_BOGIE (BOGIE_NO,CLASS,MANUFACTURED_YEAR,STATION_CODE) values (21131,'2AC',2019,'MUM');
Insert into SXS1987.S20_1_BOGIE (BOGIE_NO,CLASS,MANUFACTURED_YEAR,STATION_CODE) values (21132,'2AC',2018,'HYD');
Insert into SXS1987.S20_1_BOGIE (BOGIE_NO,CLASS,MANUFACTURED_YEAR,STATION_CODE) values (21133,'2AC',2013,'BAN');
Insert into SXS1987.S20_1_BOGIE (BOGIE_NO,CLASS,MANUFACTURED_YEAR,STATION_CODE) values (21134,'2AC',2017,'NDL');
Insert into SXS1987.S20_1_BOGIE (BOGIE_NO,CLASS,MANUFACTURED_YEAR,STATION_CODE) values (21135,'2AC',2010,'MUM');
Insert into SXS1987.S20_1_BOGIE (BOGIE_NO,CLASS,MANUFACTURED_YEAR,STATION_CODE) values (21136,'2AC',2015,'HYD');
Insert into SXS1987.S20_1_BOGIE (BOGIE_NO,CLASS,MANUFACTURED_YEAR,STATION_CODE) values (21137,'2AC',2019,'BAN');
Insert into SXS1987.S20_1_BOGIE (BOGIE_NO,CLASS,MANUFACTURED_YEAR,STATION_CODE) values (21138,'2AC',2018,'NDL');
Insert into SXS1987.S20_1_BOGIE (BOGIE_NO,CLASS,MANUFACTURED_YEAR,STATION_CODE) values (21139,'2AC',2014,'MUM');
Insert into SXS1987.S20_1_BOGIE (BOGIE_NO,CLASS,MANUFACTURED_YEAR,STATION_CODE) values (21140,'2AC',2013,'HYD');
Insert into SXS1987.S20_1_BOGIE (BOGIE_NO,CLASS,MANUFACTURED_YEAR,STATION_CODE) values (21141,'2AC',2017,'BAN');
Insert into SXS1987.S20_1_BOGIE (BOGIE_NO,CLASS,MANUFACTURED_YEAR,STATION_CODE) values (21142,'2AC',2019,'NDL');
Insert into SXS1987.S20_1_BOGIE (BOGIE_NO,CLASS,MANUFACTURED_YEAR,STATION_CODE) values (21143,'2AC',2013,'MUM');
Insert into SXS1987.S20_1_BOGIE (BOGIE_NO,CLASS,MANUFACTURED_YEAR,STATION_CODE) values (21144,'2AC',2014,'HYD');
Insert into SXS1987.S20_1_BOGIE (BOGIE_NO,CLASS,MANUFACTURED_YEAR,STATION_CODE) values (21145,'2AC',2013,'BAN');
Insert into SXS1987.S20_1_BOGIE (BOGIE_NO,CLASS,MANUFACTURED_YEAR,STATION_CODE) values (21146,'2AC',2013,'NDL');
Insert into SXS1987.S20_1_BOGIE (BOGIE_NO,CLASS,MANUFACTURED_YEAR,STATION_CODE) values (21147,'2AC',2014,'MUM');
Insert into SXS1987.S20_1_BOGIE (BOGIE_NO,CLASS,MANUFACTURED_YEAR,STATION_CODE) values (21148,'2AC',2014,'HYD');
Insert into SXS1987.S20_1_BOGIE (BOGIE_NO,CLASS,MANUFACTURED_YEAR,STATION_CODE) values (21149,'2AC',2003,'BAN');
Insert into SXS1987.S20_1_BOGIE (BOGIE_NO,CLASS,MANUFACTURED_YEAR,STATION_CODE) values (21150,'2AC',2009,'NDL');
Insert into SXS1987.S20_1_BOGIE (BOGIE_NO,CLASS,MANUFACTURED_YEAR,STATION_CODE) values (21151,'2AC',2008,'MUM');
Insert into SXS1987.S20_1_BOGIE (BOGIE_NO,CLASS,MANUFACTURED_YEAR,STATION_CODE) values (11111,'1AC',2019,'NDL');
Insert into SXS1987.S20_1_BOGIE (BOGIE_NO,CLASS,MANUFACTURED_YEAR,STATION_CODE) values (11112,'1AC',2011,'MUM');
Insert into SXS1987.S20_1_BOGIE (BOGIE_NO,CLASS,MANUFACTURED_YEAR,STATION_CODE) values (11113,'1AC',2012,'NDL');
Insert into SXS1987.S20_1_BOGIE (BOGIE_NO,CLASS,MANUFACTURED_YEAR,STATION_CODE) values (11114,'1AC',2017,'MUM');
Insert into SXS1987.S20_1_BOGIE (BOGIE_NO,CLASS,MANUFACTURED_YEAR,STATION_CODE) values (11115,'1AC',2010,'NDL');
Insert into SXS1987.S20_1_BOGIE (BOGIE_NO,CLASS,MANUFACTURED_YEAR,STATION_CODE) values (11116,'1AC',2011,'MUM');
Insert into SXS1987.S20_1_BOGIE (BOGIE_NO,CLASS,MANUFACTURED_YEAR,STATION_CODE) values (11117,'1AC',2016,'NDL');
Insert into SXS1987.S20_1_BOGIE (BOGIE_NO,CLASS,MANUFACTURED_YEAR,STATION_CODE) values (11118,'1AC',2019,'MUM');
Insert into SXS1987.S20_1_BOGIE (BOGIE_NO,CLASS,MANUFACTURED_YEAR,STATION_CODE) values (11119,'1AC',2018,'NDL');
Insert into SXS1987.S20_1_BOGIE (BOGIE_NO,CLASS,MANUFACTURED_YEAR,STATION_CODE) values (11120,'1AC',2014,'MUM');
Insert into SXS1987.S20_1_BOGIE (BOGIE_NO,CLASS,MANUFACTURED_YEAR,STATION_CODE) values (11121,'1AC',2015,'NDL');
Insert into SXS1987.S20_1_BOGIE (BOGIE_NO,CLASS,MANUFACTURED_YEAR,STATION_CODE) values (11122,'1AC',2012,'MUM');
Insert into SXS1987.S20_1_BOGIE (BOGIE_NO,CLASS,MANUFACTURED_YEAR,STATION_CODE) values (11123,'1AC',2019,'NDL');
Insert into SXS1987.S20_1_BOGIE (BOGIE_NO,CLASS,MANUFACTURED_YEAR,STATION_CODE) values (11124,'1AC',2018,'MUM');
Insert into SXS1987.S20_1_BOGIE (BOGIE_NO,CLASS,MANUFACTURED_YEAR,STATION_CODE) values (11125,'1AC',2019,'NDL');
Insert into SXS1987.S20_1_BOGIE (BOGIE_NO,CLASS,MANUFACTURED_YEAR,STATION_CODE) values (11126,'1AC',2015,'MUM');
Insert into SXS1987.S20_1_BOGIE (BOGIE_NO,CLASS,MANUFACTURED_YEAR,STATION_CODE) values (11127,'1AC',2011,'NDL');
Insert into SXS1987.S20_1_BOGIE (BOGIE_NO,CLASS,MANUFACTURED_YEAR,STATION_CODE) values (11128,'1AC',2011,'MUM');
Insert into SXS1987.S20_1_BOGIE (BOGIE_NO,CLASS,MANUFACTURED_YEAR,STATION_CODE) values (11129,'1AC',2010,'NDL');
Insert into SXS1987.S20_1_BOGIE (BOGIE_NO,CLASS,MANUFACTURED_YEAR,STATION_CODE) values (11130,'1AC',2019,'MUM');
Insert into SXS1987.S20_1_BOGIE (BOGIE_NO,CLASS,MANUFACTURED_YEAR,STATION_CODE) values (11131,'1AC',2015,'NDL');
Insert into SXS1987.S20_1_BOGIE (BOGIE_NO,CLASS,MANUFACTURED_YEAR,STATION_CODE) values (11132,'1AC',2018,'MUM');
Insert into SXS1987.S20_1_BOGIE (BOGIE_NO,CLASS,MANUFACTURED_YEAR,STATION_CODE) values (11133,'1AC',2018,'NDL');
Insert into SXS1987.S20_1_BOGIE (BOGIE_NO,CLASS,MANUFACTURED_YEAR,STATION_CODE) values (11134,'1AC',2014,'MUM');
Insert into SXS1987.S20_1_BOGIE (BOGIE_NO,CLASS,MANUFACTURED_YEAR,STATION_CODE) values (11135,'1AC',2016,'NDL');
Insert into SXS1987.S20_1_BOGIE (BOGIE_NO,CLASS,MANUFACTURED_YEAR,STATION_CODE) values (11136,'1AC',2017,'MUM');
Insert into SXS1987.S20_1_BOGIE (BOGIE_NO,CLASS,MANUFACTURED_YEAR,STATION_CODE) values (11137,'1AC',2017,'NDL');
Insert into SXS1987.S20_1_BOGIE (BOGIE_NO,CLASS,MANUFACTURED_YEAR,STATION_CODE) values (11138,'1AC',2018,'MUM');
Insert into SXS1987.S20_1_BOGIE (BOGIE_NO,CLASS,MANUFACTURED_YEAR,STATION_CODE) values (11139,'1AC',2013,'NDL');
Insert into SXS1987.S20_1_BOGIE (BOGIE_NO,CLASS,MANUFACTURED_YEAR,STATION_CODE) values (11140,'1AC',2015,'MUM');
Insert into SXS1987.S20_1_BOGIE (BOGIE_NO,CLASS,MANUFACTURED_YEAR,STATION_CODE) values (11141,'1AC',2014,'NDL');
Insert into SXS1987.S20_1_BOGIE (BOGIE_NO,CLASS,MANUFACTURED_YEAR,STATION_CODE) values (11142,'1AC',2013,'MUM');
Insert into SXS1987.S20_1_BOGIE (BOGIE_NO,CLASS,MANUFACTURED_YEAR,STATION_CODE) values (11143,'1AC',2005,'NDL');
Insert into SXS1987.S20_1_BOGIE (BOGIE_NO,CLASS,MANUFACTURED_YEAR,STATION_CODE) values (11144,'1AC',2006,'MUM');

SELECT * from S20_1_BOGIE ;


-- 3. Route

Insert into S20_1_ROUTE (ROUTE_NO,SOURCE_STATION_CODE,DEST_STATION_CODE,DISTANCE) values (111,'NDL','MUM','1200');
Insert into S20_1_ROUTE (ROUTE_NO,SOURCE_STATION_CODE,DEST_STATION_CODE,DISTANCE) values (112,'MUM','NDL','1200');
Insert into S20_1_ROUTE (ROUTE_NO,SOURCE_STATION_CODE,DEST_STATION_CODE,DISTANCE) values (113,'NDL','BAN','1560');
Insert into S20_1_ROUTE (ROUTE_NO,SOURCE_STATION_CODE,DEST_STATION_CODE,DISTANCE) values (114,'BAN','NDL','1560');
Insert into S20_1_ROUTE (ROUTE_NO,SOURCE_STATION_CODE,DEST_STATION_CODE,DISTANCE) values (115,'NDL','HYD','1350');
Insert into S20_1_ROUTE (ROUTE_NO,SOURCE_STATION_CODE,DEST_STATION_CODE,DISTANCE) values (116,'HYD','NDL','1350');
Insert into S20_1_ROUTE (ROUTE_NO,SOURCE_STATION_CODE,DEST_STATION_CODE,DISTANCE) values (117,'MUM','HYD','1000');
Insert into S20_1_ROUTE (ROUTE_NO,SOURCE_STATION_CODE,DEST_STATION_CODE,DISTANCE) values (118,'HYD','MUM','1000');
Insert into S20_1_ROUTE (ROUTE_NO,SOURCE_STATION_CODE,DEST_STATION_CODE,DISTANCE) values (119,'MUM','BAN','950');
Insert into S20_1_ROUTE (ROUTE_NO,SOURCE_STATION_CODE,DEST_STATION_CODE,DISTANCE) values (120,'BAN','MUM','950');
Insert into S20_1_ROUTE (ROUTE_NO,SOURCE_STATION_CODE,DEST_STATION_CODE,DISTANCE) values (121,'PNQ','MUM','180');
Insert into S20_1_ROUTE (ROUTE_NO,SOURCE_STATION_CODE,DEST_STATION_CODE,DISTANCE) values (122,'MUM','PNQ','180');
Insert into S20_1_ROUTE (ROUTE_NO,SOURCE_STATION_CODE,DEST_STATION_CODE,DISTANCE) values (123,'NDL','JAI','275');
Insert into S20_1_ROUTE (ROUTE_NO,SOURCE_STATION_CODE,DEST_STATION_CODE,DISTANCE) values (124,'JAI','NDL','275');
 
SELECT * from S20_1_ROUTE ;


-- 4. Train

Insert into S20_1_TRAIN (TRAIN_NO,TRAIN_NAME,START_DATE,END_DATE,TYPE,RUNTIME,NO_OF_SL_SEATS,NO_OF_3AC_SEATS,NO_OF_2AC_SEATS,NO_OF_1AC_SEATS,ROUTE_NO,SCHEDULED_ARR_TIME,SCHEDULED_DEPT_TIME) values (11111,'DELHI-MUMBAI-RAJDHANI',null,null,'RAJDHANI',14,0,6,4,2,111,'9:00:00 AM','7:00:00 PM');
Insert into S20_1_TRAIN (TRAIN_NO,TRAIN_NAME,START_DATE,END_DATE,TYPE,RUNTIME,NO_OF_SL_SEATS,NO_OF_3AC_SEATS,NO_OF_2AC_SEATS,NO_OF_1AC_SEATS,ROUTE_NO,SCHEDULED_ARR_TIME,SCHEDULED_DEPT_TIME) values (11112,'MUMBAI-DELHI-RAJDHANI',null,null,'RAJDHANI',14,0,6,4,2,112,'9:00:00 AM','7:00:00 PM');
Insert into S20_1_TRAIN (TRAIN_NO,TRAIN_NAME,START_DATE,END_DATE,TYPE,RUNTIME,NO_OF_SL_SEATS,NO_OF_3AC_SEATS,NO_OF_2AC_SEATS,NO_OF_1AC_SEATS,ROUTE_NO,SCHEDULED_ARR_TIME,SCHEDULED_DEPT_TIME) values (11113,'DELHI-BANGLORE-RAJDHANI',null,null,'RAJDHANI',16,0,6,4,2,113,'9:00:00 AM','5:00:00 PM');
Insert into S20_1_TRAIN (TRAIN_NO,TRAIN_NAME,START_DATE,END_DATE,TYPE,RUNTIME,NO_OF_SL_SEATS,NO_OF_3AC_SEATS,NO_OF_2AC_SEATS,NO_OF_1AC_SEATS,ROUTE_NO,SCHEDULED_ARR_TIME,SCHEDULED_DEPT_TIME) values (11114,'BANGLORE-DELHI-RAJDHANI',null,null,'RAJDHANI',16,0,6,4,2,114,'9:00:00 AM','5:00:00 PM');
Insert into S20_1_TRAIN (TRAIN_NO,TRAIN_NAME,START_DATE,END_DATE,TYPE,RUNTIME,NO_OF_SL_SEATS,NO_OF_3AC_SEATS,NO_OF_2AC_SEATS,NO_OF_1AC_SEATS,ROUTE_NO,SCHEDULED_ARR_TIME,SCHEDULED_DEPT_TIME) values (11115,'DELHI-HYD-RAJDHANI',null,null,'RAJDHANI',15,0,6,4,2,115,'9:00:00 AM','6:00:00 PM');
Insert into S20_1_TRAIN (TRAIN_NO,TRAIN_NAME,START_DATE,END_DATE,TYPE,RUNTIME,NO_OF_SL_SEATS,NO_OF_3AC_SEATS,NO_OF_2AC_SEATS,NO_OF_1AC_SEATS,ROUTE_NO,SCHEDULED_ARR_TIME,SCHEDULED_DEPT_TIME) values (11116,'HYD-DELHI-RAJDHANI',null,null,'RAJDHANI',15,0,6,4,2,116,'9:00:00 AM','6:00:00 PM');
Insert into S20_1_TRAIN (TRAIN_NO,TRAIN_NAME,START_DATE,END_DATE,TYPE,RUNTIME,NO_OF_SL_SEATS,NO_OF_3AC_SEATS,NO_OF_2AC_SEATS,NO_OF_1AC_SEATS,ROUTE_NO,SCHEDULED_ARR_TIME,SCHEDULED_DEPT_TIME) values (11117,'MUMBAI-HYD-SUPERFAST',null,null,'SUPERFAST',10,4,6,4,1,117,'10:00:00 PM','12:00:00 PM');
Insert into S20_1_TRAIN (TRAIN_NO,TRAIN_NAME,START_DATE,END_DATE,TYPE,RUNTIME,NO_OF_SL_SEATS,NO_OF_3AC_SEATS,NO_OF_2AC_SEATS,NO_OF_1AC_SEATS,ROUTE_NO,SCHEDULED_ARR_TIME,SCHEDULED_DEPT_TIME) values (11118,'HYD-MUMBAI-SUPERFAST',null,null,'SUPERFAST',10,4,6,4,1,118,'7:00:00 AM','9:00:00 PM');
Insert into S20_1_TRAIN (TRAIN_NO,TRAIN_NAME,START_DATE,END_DATE,TYPE,RUNTIME,NO_OF_SL_SEATS,NO_OF_3AC_SEATS,NO_OF_2AC_SEATS,NO_OF_1AC_SEATS,ROUTE_NO,SCHEDULED_ARR_TIME,SCHEDULED_DEPT_TIME) values (11119,'MUMBAI-BANGLORE-SUPERFAST',null,null,'SUPERFAST',10,4,6,4,1,119,'11:00:00 PM','1:00:00 PM');
Insert into S20_1_TRAIN (TRAIN_NO,TRAIN_NAME,START_DATE,END_DATE,TYPE,RUNTIME,NO_OF_SL_SEATS,NO_OF_3AC_SEATS,NO_OF_2AC_SEATS,NO_OF_1AC_SEATS,ROUTE_NO,SCHEDULED_ARR_TIME,SCHEDULED_DEPT_TIME) values (11120,'BANGLORE-MUMBAI-SUPERFAST',null,null,'SUPERFAST',10,4,6,4,1,120,'8:00:00 AM','10:00:00 PM');
Insert into S20_1_TRAIN (TRAIN_NO,TRAIN_NAME,START_DATE,END_DATE,TYPE,RUNTIME,NO_OF_SL_SEATS,NO_OF_3AC_SEATS,NO_OF_2AC_SEATS,NO_OF_1AC_SEATS,ROUTE_NO,SCHEDULED_ARR_TIME,SCHEDULED_DEPT_TIME) values (11121,'PUNE-MUMBAI-HOLIDAY',to_date('01-JAN-20','DD-MON-RR'),to_date('31-MAR-20','DD-MON-RR'),'EXPRESS',4,8,6,2,1,121,'10:00:00 AM','6:00:00 AM');
Insert into S20_1_TRAIN (TRAIN_NO,TRAIN_NAME,START_DATE,END_DATE,TYPE,RUNTIME,NO_OF_SL_SEATS,NO_OF_3AC_SEATS,NO_OF_2AC_SEATS,NO_OF_1AC_SEATS,ROUTE_NO,SCHEDULED_ARR_TIME,SCHEDULED_DEPT_TIME) values (11122,'MUMBAI-PUNE-HOLIDAY',to_date('01-JAN-20','DD-MON-RR'),to_date('31-MAR-20','DD-MON-RR'),'EXPRESS',4,8,6,2,1,122,'10:00:00 PM','6:00:00 PM');
Insert into S20_1_TRAIN (TRAIN_NO,TRAIN_NAME,START_DATE,END_DATE,TYPE,RUNTIME,NO_OF_SL_SEATS,NO_OF_3AC_SEATS,NO_OF_2AC_SEATS,NO_OF_1AC_SEATS,ROUTE_NO,SCHEDULED_ARR_TIME,SCHEDULED_DEPT_TIME) values (11123,'DELHI-JAIPUR-HOLIDAY',to_date('01-MAY-20','DD-MON-RR'),to_date('30-JUN-20','DD-MON-RR'),'EXPRESS',5,8,6,2,1,123,'10:00:00 AM','5:00:00 AM');
Insert into S20_1_TRAIN (TRAIN_NO,TRAIN_NAME,START_DATE,END_DATE,TYPE,RUNTIME,NO_OF_SL_SEATS,NO_OF_3AC_SEATS,NO_OF_2AC_SEATS,NO_OF_1AC_SEATS,ROUTE_NO,SCHEDULED_ARR_TIME,SCHEDULED_DEPT_TIME) values (11124,'JAIPUR-DELHI-HOLIDAY',to_date('01-MAY-20','DD-MON-RR'),to_date('30-JUN-20','DD-MON-RR'),'EXPRESS',5,8,6,2,1,124,'10:00:00 PM','5:00:00 PM');
Insert into S20_1_TRAIN (TRAIN_NO,TRAIN_NAME,START_DATE,END_DATE,TYPE,RUNTIME,NO_OF_SL_SEATS,NO_OF_3AC_SEATS,NO_OF_2AC_SEATS,NO_OF_1AC_SEATS,ROUTE_NO,SCHEDULED_ARR_TIME,SCHEDULED_DEPT_TIME) values (11125,'DELHI-MUMBAI-EXPRESS',null,null,'EXPRESS',16,8,6,2,1,111,'9:00:00 AM','5:00:00 PM');
Insert into S20_1_TRAIN (TRAIN_NO,TRAIN_NAME,START_DATE,END_DATE,TYPE,RUNTIME,NO_OF_SL_SEATS,NO_OF_3AC_SEATS,NO_OF_2AC_SEATS,NO_OF_1AC_SEATS,ROUTE_NO,SCHEDULED_ARR_TIME,SCHEDULED_DEPT_TIME) values (11126,'MUMBAI-DELHI-EXPRESS',null,null,'EXPRESS',16,8,6,2,1,112,'9:00:00 AM','5:00:00 PM');
Insert into S20_1_TRAIN (TRAIN_NO,TRAIN_NAME,START_DATE,END_DATE,TYPE,RUNTIME,NO_OF_SL_SEATS,NO_OF_3AC_SEATS,NO_OF_2AC_SEATS,NO_OF_1AC_SEATS,ROUTE_NO,SCHEDULED_ARR_TIME,SCHEDULED_DEPT_TIME) values (11127,'DELHI-BANGLORE-EXPRESS',null,null,'EXPRESS',18,8,6,2,1,113,'10:00:00 AM','4:00:00 PM');
Insert into S20_1_TRAIN (TRAIN_NO,TRAIN_NAME,START_DATE,END_DATE,TYPE,RUNTIME,NO_OF_SL_SEATS,NO_OF_3AC_SEATS,NO_OF_2AC_SEATS,NO_OF_1AC_SEATS,ROUTE_NO,SCHEDULED_ARR_TIME,SCHEDULED_DEPT_TIME) values (11128,'BANGLORE-DELHI-EXPRESS',null,null,'EXPRESS',18,8,6,2,1,114,'10:00:00 AM','4:00:00 PM');
Insert into S20_1_TRAIN (TRAIN_NO,TRAIN_NAME,START_DATE,END_DATE,TYPE,RUNTIME,NO_OF_SL_SEATS,NO_OF_3AC_SEATS,NO_OF_2AC_SEATS,NO_OF_1AC_SEATS,ROUTE_NO,SCHEDULED_ARR_TIME,SCHEDULED_DEPT_TIME) values (11129,'DELHI-HYD-EXPRESS',null,null,'EXPRESS',17,8,6,2,1,115,'10:00:00 AM','5:00:00 PM');
Insert into S20_1_TRAIN (TRAIN_NO,TRAIN_NAME,START_DATE,END_DATE,TYPE,RUNTIME,NO_OF_SL_SEATS,NO_OF_3AC_SEATS,NO_OF_2AC_SEATS,NO_OF_1AC_SEATS,ROUTE_NO,SCHEDULED_ARR_TIME,SCHEDULED_DEPT_TIME) values (11130,'HYD-DELHI-EXPRESS',null,null,'EXPRESS',17,8,6,2,1,116,'10:00:00 AM','5:00:00 PM');
Insert into S20_1_TRAIN (TRAIN_NO,TRAIN_NAME,START_DATE,END_DATE,TYPE,RUNTIME,NO_OF_SL_SEATS,NO_OF_3AC_SEATS,NO_OF_2AC_SEATS,NO_OF_1AC_SEATS,ROUTE_NO,SCHEDULED_ARR_TIME,SCHEDULED_DEPT_TIME) values (11131,'MUMBAI-HYD-EXPRESS',null,null,'EXPRESS',12,8,6,2,1,117,'9:00:00 AM','9:00:00 PM');
Insert into S20_1_TRAIN (TRAIN_NO,TRAIN_NAME,START_DATE,END_DATE,TYPE,RUNTIME,NO_OF_SL_SEATS,NO_OF_3AC_SEATS,NO_OF_2AC_SEATS,NO_OF_1AC_SEATS,ROUTE_NO,SCHEDULED_ARR_TIME,SCHEDULED_DEPT_TIME) values (11132,'HYD-MUMBAI-EXPRESS',null,null,'EXPRESS',12,8,6,2,1,118,'9:00:00 AM','9:00:00 PM');
Insert into S20_1_TRAIN (TRAIN_NO,TRAIN_NAME,START_DATE,END_DATE,TYPE,RUNTIME,NO_OF_SL_SEATS,NO_OF_3AC_SEATS,NO_OF_2AC_SEATS,NO_OF_1AC_SEATS,ROUTE_NO,SCHEDULED_ARR_TIME,SCHEDULED_DEPT_TIME) values (11133,'MUMBAI-BANGLORE-EXPRESS',null,null,'EXPRESS',12,8,6,2,1,119,'9:00:00 AM','9:00:00 PM');
Insert into S20_1_TRAIN (TRAIN_NO,TRAIN_NAME,START_DATE,END_DATE,TYPE,RUNTIME,NO_OF_SL_SEATS,NO_OF_3AC_SEATS,NO_OF_2AC_SEATS,NO_OF_1AC_SEATS,ROUTE_NO,SCHEDULED_ARR_TIME,SCHEDULED_DEPT_TIME) values (11134,'BANGLORE-MUMBAI-EXPRESS',null,null,'EXPRESS',12,8,6,2,1,120,'9:00:00 AM','9:00:00 PM');
Insert into S20_1_TRAIN (TRAIN_NO,TRAIN_NAME,START_DATE,END_DATE,TYPE,RUNTIME,NO_OF_SL_SEATS,NO_OF_3AC_SEATS,NO_OF_2AC_SEATS,NO_OF_1AC_SEATS,ROUTE_NO,SCHEDULED_ARR_TIME,SCHEDULED_DEPT_TIME) values (11135,'DELHI-MUMBAI-EXPRESS',null,null,'SUPERFAST',15,4,6,4,1,111,'9:00:00 AM','6:00:00 PM');
Insert into S20_1_TRAIN (TRAIN_NO,TRAIN_NAME,START_DATE,END_DATE,TYPE,RUNTIME,NO_OF_SL_SEATS,NO_OF_3AC_SEATS,NO_OF_2AC_SEATS,NO_OF_1AC_SEATS,ROUTE_NO,SCHEDULED_ARR_TIME,SCHEDULED_DEPT_TIME) values (11136,'MUMBAI-DELHI-EXPRESS',null,null,'SUPERFAST',15,4,6,4,1,112,'9:00:00 AM','6:00:00 PM');

SELECT * from S20_1_TRAIN ;



-- 5. Train_Operational_Days

Insert into S20_1_TRAIN_OPERATIONAL_DAYS (TRAIN_NO,ROUTE_NUMBER,DAYS_OF_OPERATION) values (11111,111,'MON');
Insert into S20_1_TRAIN_OPERATIONAL_DAYS (TRAIN_NO,ROUTE_NUMBER,DAYS_OF_OPERATION) values (11114,114,'MON');
Insert into S20_1_TRAIN_OPERATIONAL_DAYS (TRAIN_NO,ROUTE_NUMBER,DAYS_OF_OPERATION) values (11115,115,'MON');
Insert into S20_1_TRAIN_OPERATIONAL_DAYS (TRAIN_NO,ROUTE_NUMBER,DAYS_OF_OPERATION) values (11117,117,'MON');
Insert into S20_1_TRAIN_OPERATIONAL_DAYS (TRAIN_NO,ROUTE_NUMBER,DAYS_OF_OPERATION) values (11118,118,'MON');
Insert into S20_1_TRAIN_OPERATIONAL_DAYS (TRAIN_NO,ROUTE_NUMBER,DAYS_OF_OPERATION) values (11119,119,'MON');
Insert into S20_1_TRAIN_OPERATIONAL_DAYS (TRAIN_NO,ROUTE_NUMBER,DAYS_OF_OPERATION) values (11125,111,'MON');
Insert into S20_1_TRAIN_OPERATIONAL_DAYS (TRAIN_NO,ROUTE_NUMBER,DAYS_OF_OPERATION) values (11126,112,'MON');
Insert into S20_1_TRAIN_OPERATIONAL_DAYS (TRAIN_NO,ROUTE_NUMBER,DAYS_OF_OPERATION) values (11127,113,'MON');
Insert into S20_1_TRAIN_OPERATIONAL_DAYS (TRAIN_NO,ROUTE_NUMBER,DAYS_OF_OPERATION) values (11128,114,'MON');
Insert into S20_1_TRAIN_OPERATIONAL_DAYS (TRAIN_NO,ROUTE_NUMBER,DAYS_OF_OPERATION) values (11129,115,'MON');
Insert into S20_1_TRAIN_OPERATIONAL_DAYS (TRAIN_NO,ROUTE_NUMBER,DAYS_OF_OPERATION) values (11130,116,'MON');
Insert into S20_1_TRAIN_OPERATIONAL_DAYS (TRAIN_NO,ROUTE_NUMBER,DAYS_OF_OPERATION) values (11131,117,'MON');
Insert into S20_1_TRAIN_OPERATIONAL_DAYS (TRAIN_NO,ROUTE_NUMBER,DAYS_OF_OPERATION) values (11132,118,'MON');
Insert into S20_1_TRAIN_OPERATIONAL_DAYS (TRAIN_NO,ROUTE_NUMBER,DAYS_OF_OPERATION) values (11133,119,'MON');
Insert into S20_1_TRAIN_OPERATIONAL_DAYS (TRAIN_NO,ROUTE_NUMBER,DAYS_OF_OPERATION) values (11134,120,'MON');
Insert into S20_1_TRAIN_OPERATIONAL_DAYS (TRAIN_NO,ROUTE_NUMBER,DAYS_OF_OPERATION) values (11135,111,'MON');
Insert into S20_1_TRAIN_OPERATIONAL_DAYS (TRAIN_NO,ROUTE_NUMBER,DAYS_OF_OPERATION) values (11136,112,'MON');
Insert into S20_1_TRAIN_OPERATIONAL_DAYS (TRAIN_NO,ROUTE_NUMBER,DAYS_OF_OPERATION) values (11112,112,'TUE');
Insert into S20_1_TRAIN_OPERATIONAL_DAYS (TRAIN_NO,ROUTE_NUMBER,DAYS_OF_OPERATION) values (11113,113,'TUE');
Insert into S20_1_TRAIN_OPERATIONAL_DAYS (TRAIN_NO,ROUTE_NUMBER,DAYS_OF_OPERATION) values (11116,116,'TUE');
Insert into S20_1_TRAIN_OPERATIONAL_DAYS (TRAIN_NO,ROUTE_NUMBER,DAYS_OF_OPERATION) values (11120,120,'TUE');
Insert into S20_1_TRAIN_OPERATIONAL_DAYS (TRAIN_NO,ROUTE_NUMBER,DAYS_OF_OPERATION) values (11125,111,'TUE');
Insert into S20_1_TRAIN_OPERATIONAL_DAYS (TRAIN_NO,ROUTE_NUMBER,DAYS_OF_OPERATION) values (11126,112,'TUE');
Insert into S20_1_TRAIN_OPERATIONAL_DAYS (TRAIN_NO,ROUTE_NUMBER,DAYS_OF_OPERATION) values (11127,113,'TUE');
Insert into S20_1_TRAIN_OPERATIONAL_DAYS (TRAIN_NO,ROUTE_NUMBER,DAYS_OF_OPERATION) values (11128,114,'TUE');
Insert into S20_1_TRAIN_OPERATIONAL_DAYS (TRAIN_NO,ROUTE_NUMBER,DAYS_OF_OPERATION) values (11129,115,'TUE');
Insert into S20_1_TRAIN_OPERATIONAL_DAYS (TRAIN_NO,ROUTE_NUMBER,DAYS_OF_OPERATION) values (11130,116,'TUE');
Insert into S20_1_TRAIN_OPERATIONAL_DAYS (TRAIN_NO,ROUTE_NUMBER,DAYS_OF_OPERATION) values (11131,117,'TUE');
Insert into S20_1_TRAIN_OPERATIONAL_DAYS (TRAIN_NO,ROUTE_NUMBER,DAYS_OF_OPERATION) values (11132,118,'TUE');
Insert into S20_1_TRAIN_OPERATIONAL_DAYS (TRAIN_NO,ROUTE_NUMBER,DAYS_OF_OPERATION) values (11133,119,'TUE');
Insert into S20_1_TRAIN_OPERATIONAL_DAYS (TRAIN_NO,ROUTE_NUMBER,DAYS_OF_OPERATION) values (11134,120,'TUE');
Insert into S20_1_TRAIN_OPERATIONAL_DAYS (TRAIN_NO,ROUTE_NUMBER,DAYS_OF_OPERATION) values (11135,111,'TUE');
Insert into S20_1_TRAIN_OPERATIONAL_DAYS (TRAIN_NO,ROUTE_NUMBER,DAYS_OF_OPERATION) values (11136,112,'TUE');
Insert into S20_1_TRAIN_OPERATIONAL_DAYS (TRAIN_NO,ROUTE_NUMBER,DAYS_OF_OPERATION) values (11111,111,'WED');
Insert into S20_1_TRAIN_OPERATIONAL_DAYS (TRAIN_NO,ROUTE_NUMBER,DAYS_OF_OPERATION) values (11114,114,'WED');
Insert into S20_1_TRAIN_OPERATIONAL_DAYS (TRAIN_NO,ROUTE_NUMBER,DAYS_OF_OPERATION) values (11115,115,'WED');
Insert into S20_1_TRAIN_OPERATIONAL_DAYS (TRAIN_NO,ROUTE_NUMBER,DAYS_OF_OPERATION) values (11117,117,'WED');
Insert into S20_1_TRAIN_OPERATIONAL_DAYS (TRAIN_NO,ROUTE_NUMBER,DAYS_OF_OPERATION) values (11118,118,'WED');
Insert into S20_1_TRAIN_OPERATIONAL_DAYS (TRAIN_NO,ROUTE_NUMBER,DAYS_OF_OPERATION) values (11119,119,'WED');
Insert into S20_1_TRAIN_OPERATIONAL_DAYS (TRAIN_NO,ROUTE_NUMBER,DAYS_OF_OPERATION) values (11125,111,'WED');
Insert into S20_1_TRAIN_OPERATIONAL_DAYS (TRAIN_NO,ROUTE_NUMBER,DAYS_OF_OPERATION) values (11126,112,'WED');
Insert into S20_1_TRAIN_OPERATIONAL_DAYS (TRAIN_NO,ROUTE_NUMBER,DAYS_OF_OPERATION) values (11127,113,'WED');
Insert into S20_1_TRAIN_OPERATIONAL_DAYS (TRAIN_NO,ROUTE_NUMBER,DAYS_OF_OPERATION) values (11128,114,'WED');
Insert into S20_1_TRAIN_OPERATIONAL_DAYS (TRAIN_NO,ROUTE_NUMBER,DAYS_OF_OPERATION) values (11129,115,'WED');
Insert into S20_1_TRAIN_OPERATIONAL_DAYS (TRAIN_NO,ROUTE_NUMBER,DAYS_OF_OPERATION) values (11130,116,'WED');
Insert into S20_1_TRAIN_OPERATIONAL_DAYS (TRAIN_NO,ROUTE_NUMBER,DAYS_OF_OPERATION) values (11131,117,'WED');
Insert into S20_1_TRAIN_OPERATIONAL_DAYS (TRAIN_NO,ROUTE_NUMBER,DAYS_OF_OPERATION) values (11132,118,'WED');
Insert into S20_1_TRAIN_OPERATIONAL_DAYS (TRAIN_NO,ROUTE_NUMBER,DAYS_OF_OPERATION) values (11133,119,'WED');
Insert into S20_1_TRAIN_OPERATIONAL_DAYS (TRAIN_NO,ROUTE_NUMBER,DAYS_OF_OPERATION) values (11134,120,'WED');
Insert into S20_1_TRAIN_OPERATIONAL_DAYS (TRAIN_NO,ROUTE_NUMBER,DAYS_OF_OPERATION) values (11135,111,'WED');
Insert into S20_1_TRAIN_OPERATIONAL_DAYS (TRAIN_NO,ROUTE_NUMBER,DAYS_OF_OPERATION) values (11136,112,'WED');
Insert into S20_1_TRAIN_OPERATIONAL_DAYS (TRAIN_NO,ROUTE_NUMBER,DAYS_OF_OPERATION) values (11112,112,'THU');
Insert into S20_1_TRAIN_OPERATIONAL_DAYS (TRAIN_NO,ROUTE_NUMBER,DAYS_OF_OPERATION) values (11113,113,'THU');
Insert into S20_1_TRAIN_OPERATIONAL_DAYS (TRAIN_NO,ROUTE_NUMBER,DAYS_OF_OPERATION) values (11116,116,'THU');
Insert into S20_1_TRAIN_OPERATIONAL_DAYS (TRAIN_NO,ROUTE_NUMBER,DAYS_OF_OPERATION) values (11120,120,'THU');
Insert into S20_1_TRAIN_OPERATIONAL_DAYS (TRAIN_NO,ROUTE_NUMBER,DAYS_OF_OPERATION) values (11125,111,'THU');
Insert into S20_1_TRAIN_OPERATIONAL_DAYS (TRAIN_NO,ROUTE_NUMBER,DAYS_OF_OPERATION) values (11126,112,'THU');
Insert into S20_1_TRAIN_OPERATIONAL_DAYS (TRAIN_NO,ROUTE_NUMBER,DAYS_OF_OPERATION) values (11127,113,'THU');
Insert into S20_1_TRAIN_OPERATIONAL_DAYS (TRAIN_NO,ROUTE_NUMBER,DAYS_OF_OPERATION) values (11128,114,'THU');
Insert into S20_1_TRAIN_OPERATIONAL_DAYS (TRAIN_NO,ROUTE_NUMBER,DAYS_OF_OPERATION) values (11129,115,'THU');
Insert into S20_1_TRAIN_OPERATIONAL_DAYS (TRAIN_NO,ROUTE_NUMBER,DAYS_OF_OPERATION) values (11130,116,'THU');
Insert into S20_1_TRAIN_OPERATIONAL_DAYS (TRAIN_NO,ROUTE_NUMBER,DAYS_OF_OPERATION) values (11131,117,'THU');
Insert into S20_1_TRAIN_OPERATIONAL_DAYS (TRAIN_NO,ROUTE_NUMBER,DAYS_OF_OPERATION) values (11132,118,'THU');
Insert into S20_1_TRAIN_OPERATIONAL_DAYS (TRAIN_NO,ROUTE_NUMBER,DAYS_OF_OPERATION) values (11133,119,'THU');
Insert into S20_1_TRAIN_OPERATIONAL_DAYS (TRAIN_NO,ROUTE_NUMBER,DAYS_OF_OPERATION) values (11134,120,'THU');
Insert into S20_1_TRAIN_OPERATIONAL_DAYS (TRAIN_NO,ROUTE_NUMBER,DAYS_OF_OPERATION) values (11135,111,'THU');
Insert into S20_1_TRAIN_OPERATIONAL_DAYS (TRAIN_NO,ROUTE_NUMBER,DAYS_OF_OPERATION) values (11136,112,'THU');
Insert into S20_1_TRAIN_OPERATIONAL_DAYS (TRAIN_NO,ROUTE_NUMBER,DAYS_OF_OPERATION) values (11111,111,'FRI');
Insert into S20_1_TRAIN_OPERATIONAL_DAYS (TRAIN_NO,ROUTE_NUMBER,DAYS_OF_OPERATION) values (11114,114,'FRI');
Insert into S20_1_TRAIN_OPERATIONAL_DAYS (TRAIN_NO,ROUTE_NUMBER,DAYS_OF_OPERATION) values (11115,115,'FRI');
Insert into S20_1_TRAIN_OPERATIONAL_DAYS (TRAIN_NO,ROUTE_NUMBER,DAYS_OF_OPERATION) values (11117,117,'FRI');
Insert into S20_1_TRAIN_OPERATIONAL_DAYS (TRAIN_NO,ROUTE_NUMBER,DAYS_OF_OPERATION) values (11118,118,'FRI');
Insert into S20_1_TRAIN_OPERATIONAL_DAYS (TRAIN_NO,ROUTE_NUMBER,DAYS_OF_OPERATION) values (11119,119,'FRI');
Insert into S20_1_TRAIN_OPERATIONAL_DAYS (TRAIN_NO,ROUTE_NUMBER,DAYS_OF_OPERATION) values (11121,121,'FRI');
Insert into S20_1_TRAIN_OPERATIONAL_DAYS (TRAIN_NO,ROUTE_NUMBER,DAYS_OF_OPERATION) values (11122,122,'FRI');
Insert into S20_1_TRAIN_OPERATIONAL_DAYS (TRAIN_NO,ROUTE_NUMBER,DAYS_OF_OPERATION) values (11123,123,'FRI');
Insert into S20_1_TRAIN_OPERATIONAL_DAYS (TRAIN_NO,ROUTE_NUMBER,DAYS_OF_OPERATION) values (11124,124,'FRI');
Insert into S20_1_TRAIN_OPERATIONAL_DAYS (TRAIN_NO,ROUTE_NUMBER,DAYS_OF_OPERATION) values (11125,111,'FRI');
Insert into S20_1_TRAIN_OPERATIONAL_DAYS (TRAIN_NO,ROUTE_NUMBER,DAYS_OF_OPERATION) values (11126,112,'FRI');
Insert into S20_1_TRAIN_OPERATIONAL_DAYS (TRAIN_NO,ROUTE_NUMBER,DAYS_OF_OPERATION) values (11127,113,'FRI');
Insert into S20_1_TRAIN_OPERATIONAL_DAYS (TRAIN_NO,ROUTE_NUMBER,DAYS_OF_OPERATION) values (11128,114,'FRI');
Insert into S20_1_TRAIN_OPERATIONAL_DAYS (TRAIN_NO,ROUTE_NUMBER,DAYS_OF_OPERATION) values (11129,115,'FRI');
Insert into S20_1_TRAIN_OPERATIONAL_DAYS (TRAIN_NO,ROUTE_NUMBER,DAYS_OF_OPERATION) values (11130,116,'FRI');
Insert into S20_1_TRAIN_OPERATIONAL_DAYS (TRAIN_NO,ROUTE_NUMBER,DAYS_OF_OPERATION) values (11131,117,'FRI');
Insert into S20_1_TRAIN_OPERATIONAL_DAYS (TRAIN_NO,ROUTE_NUMBER,DAYS_OF_OPERATION) values (11132,118,'FRI');
Insert into S20_1_TRAIN_OPERATIONAL_DAYS (TRAIN_NO,ROUTE_NUMBER,DAYS_OF_OPERATION) values (11133,119,'FRI');
Insert into S20_1_TRAIN_OPERATIONAL_DAYS (TRAIN_NO,ROUTE_NUMBER,DAYS_OF_OPERATION) values (11134,120,'FRI');
Insert into S20_1_TRAIN_OPERATIONAL_DAYS (TRAIN_NO,ROUTE_NUMBER,DAYS_OF_OPERATION) values (11135,111,'FRI');
Insert into S20_1_TRAIN_OPERATIONAL_DAYS (TRAIN_NO,ROUTE_NUMBER,DAYS_OF_OPERATION) values (11136,112,'FRI');
Insert into S20_1_TRAIN_OPERATIONAL_DAYS (TRAIN_NO,ROUTE_NUMBER,DAYS_OF_OPERATION) values (11112,112,'SAT');
Insert into S20_1_TRAIN_OPERATIONAL_DAYS (TRAIN_NO,ROUTE_NUMBER,DAYS_OF_OPERATION) values (11113,113,'SAT');
Insert into S20_1_TRAIN_OPERATIONAL_DAYS (TRAIN_NO,ROUTE_NUMBER,DAYS_OF_OPERATION) values (11116,116,'SAT');
Insert into S20_1_TRAIN_OPERATIONAL_DAYS (TRAIN_NO,ROUTE_NUMBER,DAYS_OF_OPERATION) values (11120,120,'SAT');
Insert into S20_1_TRAIN_OPERATIONAL_DAYS (TRAIN_NO,ROUTE_NUMBER,DAYS_OF_OPERATION) values (11121,121,'SAT');
Insert into S20_1_TRAIN_OPERATIONAL_DAYS (TRAIN_NO,ROUTE_NUMBER,DAYS_OF_OPERATION) values (11122,122,'SAT');
Insert into S20_1_TRAIN_OPERATIONAL_DAYS (TRAIN_NO,ROUTE_NUMBER,DAYS_OF_OPERATION) values (11123,123,'SAT');
Insert into S20_1_TRAIN_OPERATIONAL_DAYS (TRAIN_NO,ROUTE_NUMBER,DAYS_OF_OPERATION) values (11124,124,'SAT');
Insert into S20_1_TRAIN_OPERATIONAL_DAYS (TRAIN_NO,ROUTE_NUMBER,DAYS_OF_OPERATION) values (11125,111,'SAT');
Insert into S20_1_TRAIN_OPERATIONAL_DAYS (TRAIN_NO,ROUTE_NUMBER,DAYS_OF_OPERATION) values (11126,112,'SAT');
Insert into S20_1_TRAIN_OPERATIONAL_DAYS (TRAIN_NO,ROUTE_NUMBER,DAYS_OF_OPERATION) values (11127,113,'SAT');
Insert into S20_1_TRAIN_OPERATIONAL_DAYS (TRAIN_NO,ROUTE_NUMBER,DAYS_OF_OPERATION) values (11128,114,'SAT');
Insert into S20_1_TRAIN_OPERATIONAL_DAYS (TRAIN_NO,ROUTE_NUMBER,DAYS_OF_OPERATION) values (11129,115,'SAT');
Insert into S20_1_TRAIN_OPERATIONAL_DAYS (TRAIN_NO,ROUTE_NUMBER,DAYS_OF_OPERATION) values (11130,116,'SAT');
Insert into S20_1_TRAIN_OPERATIONAL_DAYS (TRAIN_NO,ROUTE_NUMBER,DAYS_OF_OPERATION) values (11131,117,'SAT');
Insert into S20_1_TRAIN_OPERATIONAL_DAYS (TRAIN_NO,ROUTE_NUMBER,DAYS_OF_OPERATION) values (11132,118,'SAT');
Insert into S20_1_TRAIN_OPERATIONAL_DAYS (TRAIN_NO,ROUTE_NUMBER,DAYS_OF_OPERATION) values (11133,119,'SAT');
Insert into S20_1_TRAIN_OPERATIONAL_DAYS (TRAIN_NO,ROUTE_NUMBER,DAYS_OF_OPERATION) values (11134,120,'SAT');
Insert into S20_1_TRAIN_OPERATIONAL_DAYS (TRAIN_NO,ROUTE_NUMBER,DAYS_OF_OPERATION) values (11135,111,'SAT');
Insert into S20_1_TRAIN_OPERATIONAL_DAYS (TRAIN_NO,ROUTE_NUMBER,DAYS_OF_OPERATION) values (11136,112,'SAT');
Insert into S20_1_TRAIN_OPERATIONAL_DAYS (TRAIN_NO,ROUTE_NUMBER,DAYS_OF_OPERATION) values (11111,111,'SUN');
Insert into S20_1_TRAIN_OPERATIONAL_DAYS (TRAIN_NO,ROUTE_NUMBER,DAYS_OF_OPERATION) values (11112,112,'SUN');
Insert into S20_1_TRAIN_OPERATIONAL_DAYS (TRAIN_NO,ROUTE_NUMBER,DAYS_OF_OPERATION) values (11117,117,'SUN');
Insert into S20_1_TRAIN_OPERATIONAL_DAYS (TRAIN_NO,ROUTE_NUMBER,DAYS_OF_OPERATION) values (11118,118,'SUN');
Insert into S20_1_TRAIN_OPERATIONAL_DAYS (TRAIN_NO,ROUTE_NUMBER,DAYS_OF_OPERATION) values (11119,119,'SUN');
Insert into S20_1_TRAIN_OPERATIONAL_DAYS (TRAIN_NO,ROUTE_NUMBER,DAYS_OF_OPERATION) values (11120,120,'SUN');
Insert into S20_1_TRAIN_OPERATIONAL_DAYS (TRAIN_NO,ROUTE_NUMBER,DAYS_OF_OPERATION) values (11121,121,'SUN');
Insert into S20_1_TRAIN_OPERATIONAL_DAYS (TRAIN_NO,ROUTE_NUMBER,DAYS_OF_OPERATION) values (11122,122,'SUN');
Insert into S20_1_TRAIN_OPERATIONAL_DAYS (TRAIN_NO,ROUTE_NUMBER,DAYS_OF_OPERATION) values (11123,123,'SUN');
Insert into S20_1_TRAIN_OPERATIONAL_DAYS (TRAIN_NO,ROUTE_NUMBER,DAYS_OF_OPERATION) values (11124,124,'SUN');
Insert into S20_1_TRAIN_OPERATIONAL_DAYS (TRAIN_NO,ROUTE_NUMBER,DAYS_OF_OPERATION) values (11125,111,'SUN');
Insert into S20_1_TRAIN_OPERATIONAL_DAYS (TRAIN_NO,ROUTE_NUMBER,DAYS_OF_OPERATION) values (11126,112,'SUN');
Insert into S20_1_TRAIN_OPERATIONAL_DAYS (TRAIN_NO,ROUTE_NUMBER,DAYS_OF_OPERATION) values (11127,113,'SUN');
Insert into S20_1_TRAIN_OPERATIONAL_DAYS (TRAIN_NO,ROUTE_NUMBER,DAYS_OF_OPERATION) values (11128,114,'SUN');
Insert into S20_1_TRAIN_OPERATIONAL_DAYS (TRAIN_NO,ROUTE_NUMBER,DAYS_OF_OPERATION) values (11129,115,'SUN');
Insert into S20_1_TRAIN_OPERATIONAL_DAYS (TRAIN_NO,ROUTE_NUMBER,DAYS_OF_OPERATION) values (11130,116,'SUN');
Insert into S20_1_TRAIN_OPERATIONAL_DAYS (TRAIN_NO,ROUTE_NUMBER,DAYS_OF_OPERATION) values (11131,117,'SUN');
Insert into S20_1_TRAIN_OPERATIONAL_DAYS (TRAIN_NO,ROUTE_NUMBER,DAYS_OF_OPERATION) values (11132,118,'SUN');
Insert into S20_1_TRAIN_OPERATIONAL_DAYS (TRAIN_NO,ROUTE_NUMBER,DAYS_OF_OPERATION) values (11133,119,'SUN');
Insert into S20_1_TRAIN_OPERATIONAL_DAYS (TRAIN_NO,ROUTE_NUMBER,DAYS_OF_OPERATION) values (11134,120,'SUN');
Insert into S20_1_TRAIN_OPERATIONAL_DAYS (TRAIN_NO,ROUTE_NUMBER,DAYS_OF_OPERATION) values (11135,111,'SUN');
Insert into S20_1_TRAIN_OPERATIONAL_DAYS (TRAIN_NO,ROUTE_NUMBER,DAYS_OF_OPERATION) values (11136,112,'SUN');

SELECT * from S20_1_TRAIN_OPERATIONAL_DAYS ;



-- 6. Train_Arrival

Insert into S20_1_TRAIN_ARRIVAL (TRAIN_NO,STATION_CODE,ARRIIVAL_DATE,ARRIVAL_TIME) values (11111,'MUM',to_date('03-JAN-20','DD-MON-RR'),'9:05:00 AM');
Insert into S20_1_TRAIN_ARRIVAL (TRAIN_NO,STATION_CODE,ARRIIVAL_DATE,ARRIVAL_TIME) values (11112,'NDL',to_date('06-JAN-20','DD-MON-RR'),'9:10:00 AM');
Insert into S20_1_TRAIN_ARRIVAL (TRAIN_NO,STATION_CODE,ARRIIVAL_DATE,ARRIVAL_TIME) values (11112,'NDL',to_date('10-JAN-20','DD-MON-RR'),'9:05:00 AM');
Insert into S20_1_TRAIN_ARRIVAL (TRAIN_NO,STATION_CODE,ARRIIVAL_DATE,ARRIVAL_TIME) values (11112,'NDL',to_date('07-JAN-20','DD-MON-RR'),'9:10:00 AM');
Insert into S20_1_TRAIN_ARRIVAL (TRAIN_NO,STATION_CODE,ARRIIVAL_DATE,ARRIVAL_TIME) values (11112,'NDL',to_date('09-JAN-20','DD-MON-RR'),'9:05:00 AM');
Insert into S20_1_TRAIN_ARRIVAL (TRAIN_NO,STATION_CODE,ARRIIVAL_DATE,ARRIVAL_TIME) values (11113,'BAN',to_date('11-JAN-20','DD-MON-RR'),'9:05:00 AM');
Insert into S20_1_TRAIN_ARRIVAL (TRAIN_NO,STATION_CODE,ARRIIVAL_DATE,ARRIVAL_TIME) values (11114,'NDL',to_date('15-JAN-20','DD-MON-RR'),'9:10:00 AM');
Insert into S20_1_TRAIN_ARRIVAL (TRAIN_NO,STATION_CODE,ARRIIVAL_DATE,ARRIVAL_TIME) values (11114,'NDL',to_date('17-JAN-20','DD-MON-RR'),'9:05:00 AM');
Insert into S20_1_TRAIN_ARRIVAL (TRAIN_NO,STATION_CODE,ARRIIVAL_DATE,ARRIVAL_TIME) values (11114,'NDL',to_date('18-JAN-20','DD-MON-RR'),'9:10:00 AM');
Insert into S20_1_TRAIN_ARRIVAL (TRAIN_NO,STATION_CODE,ARRIIVAL_DATE,ARRIVAL_TIME) values (11114,'NDL',to_date('19-JAN-20','DD-MON-RR'),'9:05:00 AM');
Insert into S20_1_TRAIN_ARRIVAL (TRAIN_NO,STATION_CODE,ARRIIVAL_DATE,ARRIVAL_TIME) values (11114,'NDL',to_date('16-JAN-20','DD-MON-RR'),'9:10:00 AM');
Insert into S20_1_TRAIN_ARRIVAL (TRAIN_NO,STATION_CODE,ARRIIVAL_DATE,ARRIVAL_TIME) values (11114,'NDL',to_date('14-JAN-20','DD-MON-RR'),'9:05:00 AM');
Insert into S20_1_TRAIN_ARRIVAL (TRAIN_NO,STATION_CODE,ARRIIVAL_DATE,ARRIVAL_TIME) values (11115,'HYD',to_date('20-JAN-20','DD-MON-RR'),'9:05:00 AM');
Insert into S20_1_TRAIN_ARRIVAL (TRAIN_NO,STATION_CODE,ARRIIVAL_DATE,ARRIVAL_TIME) values (11116,'NDL',to_date('27-JAN-20','DD-MON-RR'),'9:05:00 AM');
Insert into S20_1_TRAIN_ARRIVAL (TRAIN_NO,STATION_CODE,ARRIIVAL_DATE,ARRIVAL_TIME) values (11116,'NDL',to_date('22-JAN-20','DD-MON-RR'),'9:10:00 AM');
Insert into S20_1_TRAIN_ARRIVAL (TRAIN_NO,STATION_CODE,ARRIIVAL_DATE,ARRIVAL_TIME) values (11116,'NDL',to_date('24-JAN-20','DD-MON-RR'),'9:05:00 AM');
Insert into S20_1_TRAIN_ARRIVAL (TRAIN_NO,STATION_CODE,ARRIIVAL_DATE,ARRIVAL_TIME) values (11116,'NDL',to_date('26-JAN-20','DD-MON-RR'),'9:05:00 AM');
Insert into S20_1_TRAIN_ARRIVAL (TRAIN_NO,STATION_CODE,ARRIIVAL_DATE,ARRIVAL_TIME) values (11117,'HYD',to_date('27-JAN-20','DD-MON-RR'),'10:10:00 PM');
Insert into S20_1_TRAIN_ARRIVAL (TRAIN_NO,STATION_CODE,ARRIIVAL_DATE,ARRIVAL_TIME) values (11118,'MUM',to_date('29-JAN-20','DD-MON-RR'),'10:15:00 PM');
Insert into S20_1_TRAIN_ARRIVAL (TRAIN_NO,STATION_CODE,ARRIIVAL_DATE,ARRIVAL_TIME) values (11118,'MUM',to_date('03-FEB-20','DD-MON-RR'),'10:15:00 PM');
Insert into S20_1_TRAIN_ARRIVAL (TRAIN_NO,STATION_CODE,ARRIIVAL_DATE,ARRIVAL_TIME) values (11118,'MUM',to_date('04-FEB-20','DD-MON-RR'),'10:15:00 PM');
Insert into S20_1_TRAIN_ARRIVAL (TRAIN_NO,STATION_CODE,ARRIIVAL_DATE,ARRIVAL_TIME) values (11118,'MUM',to_date('05-FEB-20','DD-MON-RR'),'10:15:00 PM');
Insert into S20_1_TRAIN_ARRIVAL (TRAIN_NO,STATION_CODE,ARRIIVAL_DATE,ARRIVAL_TIME) values (11118,'MUM',to_date('08-FEB-20','DD-MON-RR'),'10:15:00 PM');
Insert into S20_1_TRAIN_ARRIVAL (TRAIN_NO,STATION_CODE,ARRIIVAL_DATE,ARRIVAL_TIME) values (11118,'MUM',to_date('31-JAN-20','DD-MON-RR'),'10:15:00 PM');
Insert into S20_1_TRAIN_ARRIVAL (TRAIN_NO,STATION_CODE,ARRIIVAL_DATE,ARRIVAL_TIME) values (11118,'MUM',to_date('02-FEB-20','DD-MON-RR'),'10:15:00 PM');
Insert into S20_1_TRAIN_ARRIVAL (TRAIN_NO,STATION_CODE,ARRIIVAL_DATE,ARRIVAL_TIME) values (11118,'MUM',to_date('06-FEB-20','DD-MON-RR'),'10:15:00 PM');
Insert into S20_1_TRAIN_ARRIVAL (TRAIN_NO,STATION_CODE,ARRIIVAL_DATE,ARRIVAL_TIME) values (11119,'BAN',to_date('09-FEB-20','DD-MON-RR'),'11:15:00 PM');
Insert into S20_1_TRAIN_ARRIVAL (TRAIN_NO,STATION_CODE,ARRIIVAL_DATE,ARRIVAL_TIME) values (11120,'MUM',to_date('13-FEB-20','DD-MON-RR'),'8:15:00 AM');
Insert into S20_1_TRAIN_ARRIVAL (TRAIN_NO,STATION_CODE,ARRIIVAL_DATE,ARRIVAL_TIME) values (11120,'MUM',to_date('16-FEB-20','DD-MON-RR'),'8:02:00 AM');
Insert into S20_1_TRAIN_ARRIVAL (TRAIN_NO,STATION_CODE,ARRIIVAL_DATE,ARRIVAL_TIME) values (11120,'MUM',to_date('12-FEB-20','DD-MON-RR'),'8:05:00 AM');
Insert into S20_1_TRAIN_ARRIVAL (TRAIN_NO,STATION_CODE,ARRIIVAL_DATE,ARRIVAL_TIME) values (11120,'MUM',to_date('11-FEB-20','DD-MON-RR'),'8:20:00 AM');
Insert into S20_1_TRAIN_ARRIVAL (TRAIN_NO,STATION_CODE,ARRIIVAL_DATE,ARRIVAL_TIME) values (11120,'MUM',to_date('15-FEB-20','DD-MON-RR'),'8:10:00 AM');
Insert into S20_1_TRAIN_ARRIVAL (TRAIN_NO,STATION_CODE,ARRIIVAL_DATE,ARRIVAL_TIME) values (11120,'MUM',to_date('14-FEB-20','DD-MON-RR'),'8:00:00 AM');
Insert into S20_1_TRAIN_ARRIVAL (TRAIN_NO,STATION_CODE,ARRIIVAL_DATE,ARRIVAL_TIME) values (11121,'MUM',to_date('16-FEB-20','DD-MON-RR'),'10:15:00 AM');
Insert into S20_1_TRAIN_ARRIVAL (TRAIN_NO,STATION_CODE,ARRIIVAL_DATE,ARRIVAL_TIME) values (11122,'PNQ',to_date('15-MAR-20','DD-MON-RR'),'10:20:00 PM');
Insert into S20_1_TRAIN_ARRIVAL (TRAIN_NO,STATION_CODE,ARRIIVAL_DATE,ARRIVAL_TIME) values (11122,'PNQ',to_date('19-MAR-20','DD-MON-RR'),'12:00:00 AM');
Insert into S20_1_TRAIN_ARRIVAL (TRAIN_NO,STATION_CODE,ARRIIVAL_DATE,ARRIVAL_TIME) values (11122,'PNQ',to_date('20-MAR-20','DD-MON-RR'),'12:05:00 AM');
Insert into S20_1_TRAIN_ARRIVAL (TRAIN_NO,STATION_CODE,ARRIIVAL_DATE,ARRIVAL_TIME) values (11122,'PNQ',to_date('17-MAR-20','DD-MON-RR'),'12:15:00 AM');
Insert into S20_1_TRAIN_ARRIVAL (TRAIN_NO,STATION_CODE,ARRIIVAL_DATE,ARRIVAL_TIME) values (11122,'PNQ',to_date('18-MAR-20','DD-MON-RR'),'12:20:00 AM');
Insert into S20_1_TRAIN_ARRIVAL (TRAIN_NO,STATION_CODE,ARRIIVAL_DATE,ARRIVAL_TIME) values (11122,'PNQ',to_date('16-MAR-20','DD-MON-RR'),'12:00:00 AM');
Insert into S20_1_TRAIN_ARRIVAL (TRAIN_NO,STATION_CODE,ARRIIVAL_DATE,ARRIVAL_TIME) values (11122,'PNQ',to_date('02-MAY-20','DD-MON-RR'),'12:05:00 AM');
Insert into S20_1_TRAIN_ARRIVAL (TRAIN_NO,STATION_CODE,ARRIIVAL_DATE,ARRIVAL_TIME) values (11123,'JAI',to_date('26-MAY-20','DD-MON-RR'),'10:00:00 AM');
Insert into S20_1_TRAIN_ARRIVAL (TRAIN_NO,STATION_CODE,ARRIIVAL_DATE,ARRIVAL_TIME) values (11124,'NDL',to_date('25-MAY-20','DD-MON-RR'),'10:00:00 PM');
Insert into S20_1_TRAIN_ARRIVAL (TRAIN_NO,STATION_CODE,ARRIIVAL_DATE,ARRIVAL_TIME) values (11124,'NDL',to_date('29-MAY-20','DD-MON-RR'),'10:20:00 PM');
Insert into S20_1_TRAIN_ARRIVAL (TRAIN_NO,STATION_CODE,ARRIIVAL_DATE,ARRIVAL_TIME) values (11124,'NDL',to_date('30-MAY-20','DD-MON-RR'),'10:00:00 PM');
Insert into S20_1_TRAIN_ARRIVAL (TRAIN_NO,STATION_CODE,ARRIIVAL_DATE,ARRIVAL_TIME) values (11124,'NDL',to_date('27-MAY-20','DD-MON-RR'),'10:05:00 PM');
Insert into S20_1_TRAIN_ARRIVAL (TRAIN_NO,STATION_CODE,ARRIIVAL_DATE,ARRIVAL_TIME) values (11124,'NDL',to_date('02-APR-20','DD-MON-RR'),'10:15:00 PM');
Insert into S20_1_TRAIN_ARRIVAL (TRAIN_NO,STATION_CODE,ARRIIVAL_DATE,ARRIVAL_TIME) values (11125,'MUM',to_date('07-APR-20','DD-MON-RR'),'9:15:00 AM');
Insert into S20_1_TRAIN_ARRIVAL (TRAIN_NO,STATION_CODE,ARRIIVAL_DATE,ARRIVAL_TIME) values (11126,'NDL',to_date('08-APR-20','DD-MON-RR'),'9:20:00 AM');
Insert into S20_1_TRAIN_ARRIVAL (TRAIN_NO,STATION_CODE,ARRIIVAL_DATE,ARRIVAL_TIME) values (11126,'NDL',to_date('10-APR-20','DD-MON-RR'),'9:20:00 AM');
Insert into S20_1_TRAIN_ARRIVAL (TRAIN_NO,STATION_CODE,ARRIIVAL_DATE,ARRIVAL_TIME) values (11127,'BAN',to_date('16-APR-20','DD-MON-RR'),'10:00:00 AM');
Insert into S20_1_TRAIN_ARRIVAL (TRAIN_NO,STATION_CODE,ARRIIVAL_DATE,ARRIVAL_TIME) values (11128,'NDL',to_date('17-APR-20','DD-MON-RR'),'10:05:00 AM');
Insert into S20_1_TRAIN_ARRIVAL (TRAIN_NO,STATION_CODE,ARRIIVAL_DATE,ARRIVAL_TIME) values (11128,'NDL',to_date('18-APR-20','DD-MON-RR'),'10:05:00 AM');
Insert into S20_1_TRAIN_ARRIVAL (TRAIN_NO,STATION_CODE,ARRIIVAL_DATE,ARRIVAL_TIME) values (11129,'HYD',to_date('21-APR-20','DD-MON-RR'),'10:15:00 AM');
Insert into S20_1_TRAIN_ARRIVAL (TRAIN_NO,STATION_CODE,ARRIIVAL_DATE,ARRIVAL_TIME) values (11130,'NDL',to_date('23-APR-20','DD-MON-RR'),'10:20:00 AM');
Insert into S20_1_TRAIN_ARRIVAL (TRAIN_NO,STATION_CODE,ARRIIVAL_DATE,ARRIVAL_TIME) values (11131,'HYD',to_date('01-MAY-20','DD-MON-RR'),'9:00:00 AM');
Insert into S20_1_TRAIN_ARRIVAL (TRAIN_NO,STATION_CODE,ARRIIVAL_DATE,ARRIVAL_TIME) values (11132,'MUM',to_date('02-JUN-20','DD-MON-RR'),'9:05:00 AM');
Insert into S20_1_TRAIN_ARRIVAL (TRAIN_NO,STATION_CODE,ARRIIVAL_DATE,ARRIVAL_TIME) values (11133,'BAN',to_date('07-JUN-20','DD-MON-RR'),'9:15:00 AM');
Insert into S20_1_TRAIN_ARRIVAL (TRAIN_NO,STATION_CODE,ARRIIVAL_DATE,ARRIVAL_TIME) values (11134,'MUM',to_date('12-JUN-20','DD-MON-RR'),'9:20:00 AM');
Insert into S20_1_TRAIN_ARRIVAL (TRAIN_NO,STATION_CODE,ARRIIVAL_DATE,ARRIVAL_TIME) values (11135,'MUM',to_date('21-JUN-20','DD-MON-RR'),'9:00:00 AM');
Insert into S20_1_TRAIN_ARRIVAL (TRAIN_NO,STATION_CODE,ARRIIVAL_DATE,ARRIVAL_TIME) values (11136,'NDL',to_date('21-JUN-20','DD-MON-RR'),'9:05:00 AM');
 
SELECT * from S20_1_TRAIN_ARRIVAL ;



-- 7. Train_Departure

Insert into S20_1_TRAIN_DEPARTURE (TRAIN_NO,STATION_CODE,DEPARTURE_DATE,DEPARTURE_TIME) values (11111,'NDL',to_date('02-JAN-20','DD-MON-RR'),'7:00:00 PM');
Insert into S20_1_TRAIN_DEPARTURE (TRAIN_NO,STATION_CODE,DEPARTURE_DATE,DEPARTURE_TIME) values (11112,'MUM',to_date('05-JAN-20','DD-MON-RR'),'7:00:00 PM');
Insert into S20_1_TRAIN_DEPARTURE (TRAIN_NO,STATION_CODE,DEPARTURE_DATE,DEPARTURE_TIME) values (11112,'MUM',to_date('09-JAN-20','DD-MON-RR'),'7:00:00 PM');
Insert into S20_1_TRAIN_DEPARTURE (TRAIN_NO,STATION_CODE,DEPARTURE_DATE,DEPARTURE_TIME) values (11112,'MUM',to_date('06-JAN-20','DD-MON-RR'),'7:00:00 PM');
Insert into S20_1_TRAIN_DEPARTURE (TRAIN_NO,STATION_CODE,DEPARTURE_DATE,DEPARTURE_TIME) values (11112,'MUM',to_date('08-JAN-20','DD-MON-RR'),'7:00:00 PM');
Insert into S20_1_TRAIN_DEPARTURE (TRAIN_NO,STATION_CODE,DEPARTURE_DATE,DEPARTURE_TIME) values (11113,'NDL',to_date('10-JAN-20','DD-MON-RR'),'5:00:00 PM');
Insert into S20_1_TRAIN_DEPARTURE (TRAIN_NO,STATION_CODE,DEPARTURE_DATE,DEPARTURE_TIME) values (11114,'BAN',to_date('14-JAN-20','DD-MON-RR'),'5:00:00 PM');
Insert into S20_1_TRAIN_DEPARTURE (TRAIN_NO,STATION_CODE,DEPARTURE_DATE,DEPARTURE_TIME) values (11114,'BAN',to_date('16-JAN-20','DD-MON-RR'),'5:00:00 PM');
Insert into S20_1_TRAIN_DEPARTURE (TRAIN_NO,STATION_CODE,DEPARTURE_DATE,DEPARTURE_TIME) values (11114,'BAN',to_date('17-JAN-20','DD-MON-RR'),'5:00:00 PM');
Insert into S20_1_TRAIN_DEPARTURE (TRAIN_NO,STATION_CODE,DEPARTURE_DATE,DEPARTURE_TIME) values (11114,'BAN',to_date('18-JAN-20','DD-MON-RR'),'5:00:00 PM');
Insert into S20_1_TRAIN_DEPARTURE (TRAIN_NO,STATION_CODE,DEPARTURE_DATE,DEPARTURE_TIME) values (11114,'BAN',to_date('15-JAN-20','DD-MON-RR'),'5:00:00 PM');
Insert into S20_1_TRAIN_DEPARTURE (TRAIN_NO,STATION_CODE,DEPARTURE_DATE,DEPARTURE_TIME) values (11114,'BAN',to_date('13-JAN-20','DD-MON-RR'),'5:00:00 PM');
Insert into S20_1_TRAIN_DEPARTURE (TRAIN_NO,STATION_CODE,DEPARTURE_DATE,DEPARTURE_TIME) values (11115,'NDL',to_date('19-JAN-20','DD-MON-RR'),'6:00:00 PM');
Insert into S20_1_TRAIN_DEPARTURE (TRAIN_NO,STATION_CODE,DEPARTURE_DATE,DEPARTURE_TIME) values (11116,'HYD',to_date('26-JAN-20','DD-MON-RR'),'6:00:00 PM');
Insert into S20_1_TRAIN_DEPARTURE (TRAIN_NO,STATION_CODE,DEPARTURE_DATE,DEPARTURE_TIME) values (11116,'HYD',to_date('21-JAN-20','DD-MON-RR'),'6:00:00 PM');
Insert into S20_1_TRAIN_DEPARTURE (TRAIN_NO,STATION_CODE,DEPARTURE_DATE,DEPARTURE_TIME) values (11116,'HYD',to_date('23-JAN-20','DD-MON-RR'),'6:00:00 PM');
Insert into S20_1_TRAIN_DEPARTURE (TRAIN_NO,STATION_CODE,DEPARTURE_DATE,DEPARTURE_TIME) values (11116,'HYD',to_date('25-JAN-20','DD-MON-RR'),'6:00:00 PM');
Insert into S20_1_TRAIN_DEPARTURE (TRAIN_NO,STATION_CODE,DEPARTURE_DATE,DEPARTURE_TIME) values (11117,'MUM',to_date('26-JAN-20','DD-MON-RR'),'12:00:00 PM');
Insert into S20_1_TRAIN_DEPARTURE (TRAIN_NO,STATION_CODE,DEPARTURE_DATE,DEPARTURE_TIME) values (11118,'HYD',to_date('28-JAN-20','DD-MON-RR'),'9:00:00 PM');
Insert into S20_1_TRAIN_DEPARTURE (TRAIN_NO,STATION_CODE,DEPARTURE_DATE,DEPARTURE_TIME) values (11118,'HYD',to_date('02-FEB-20','DD-MON-RR'),'9:00:00 PM');
Insert into S20_1_TRAIN_DEPARTURE (TRAIN_NO,STATION_CODE,DEPARTURE_DATE,DEPARTURE_TIME) values (11118,'HYD',to_date('03-FEB-20','DD-MON-RR'),'9:00:00 PM');
Insert into S20_1_TRAIN_DEPARTURE (TRAIN_NO,STATION_CODE,DEPARTURE_DATE,DEPARTURE_TIME) values (11118,'HYD',to_date('04-FEB-20','DD-MON-RR'),'9:00:00 PM');
Insert into S20_1_TRAIN_DEPARTURE (TRAIN_NO,STATION_CODE,DEPARTURE_DATE,DEPARTURE_TIME) values (11118,'HYD',to_date('07-FEB-20','DD-MON-RR'),'9:00:00 PM');
Insert into S20_1_TRAIN_DEPARTURE (TRAIN_NO,STATION_CODE,DEPARTURE_DATE,DEPARTURE_TIME) values (11118,'HYD',to_date('30-JAN-20','DD-MON-RR'),'9:00:00 PM');
Insert into S20_1_TRAIN_DEPARTURE (TRAIN_NO,STATION_CODE,DEPARTURE_DATE,DEPARTURE_TIME) values (11118,'HYD',to_date('01-FEB-20','DD-MON-RR'),'9:00:00 PM');
Insert into S20_1_TRAIN_DEPARTURE (TRAIN_NO,STATION_CODE,DEPARTURE_DATE,DEPARTURE_TIME) values (11118,'HYD',to_date('05-FEB-20','DD-MON-RR'),'9:00:00 PM');
Insert into S20_1_TRAIN_DEPARTURE (TRAIN_NO,STATION_CODE,DEPARTURE_DATE,DEPARTURE_TIME) values (11119,'MUM',to_date('08-FEB-20','DD-MON-RR'),'1:00:00 PM');
Insert into S20_1_TRAIN_DEPARTURE (TRAIN_NO,STATION_CODE,DEPARTURE_DATE,DEPARTURE_TIME) values (11120,'BAN',to_date('12-FEB-20','DD-MON-RR'),'10:00:00 PM');
Insert into S20_1_TRAIN_DEPARTURE (TRAIN_NO,STATION_CODE,DEPARTURE_DATE,DEPARTURE_TIME) values (11120,'BAN',to_date('15-FEB-20','DD-MON-RR'),'10:00:00 PM');
Insert into S20_1_TRAIN_DEPARTURE (TRAIN_NO,STATION_CODE,DEPARTURE_DATE,DEPARTURE_TIME) values (11120,'BAN',to_date('11-FEB-20','DD-MON-RR'),'10:00:00 PM');
Insert into S20_1_TRAIN_DEPARTURE (TRAIN_NO,STATION_CODE,DEPARTURE_DATE,DEPARTURE_TIME) values (11120,'BAN',to_date('10-FEB-20','DD-MON-RR'),'10:00:00 PM');
Insert into S20_1_TRAIN_DEPARTURE (TRAIN_NO,STATION_CODE,DEPARTURE_DATE,DEPARTURE_TIME) values (11120,'BAN',to_date('14-FEB-20','DD-MON-RR'),'10:00:00 PM');
Insert into S20_1_TRAIN_DEPARTURE (TRAIN_NO,STATION_CODE,DEPARTURE_DATE,DEPARTURE_TIME) values (11120,'BAN',to_date('13-FEB-20','DD-MON-RR'),'10:00:00 PM');
Insert into S20_1_TRAIN_DEPARTURE (TRAIN_NO,STATION_CODE,DEPARTURE_DATE,DEPARTURE_TIME) values (11121,'PNQ',to_date('16-FEB-20','DD-MON-RR'),'6:00:00 AM');
Insert into S20_1_TRAIN_DEPARTURE (TRAIN_NO,STATION_CODE,DEPARTURE_DATE,DEPARTURE_TIME) values (11122,'MUM',to_date('15-MAR-20','DD-MON-RR'),'6:00:00 PM');
Insert into S20_1_TRAIN_DEPARTURE (TRAIN_NO,STATION_CODE,DEPARTURE_DATE,DEPARTURE_TIME) values (11122,'MUM',to_date('19-MAR-20','DD-MON-RR'),'6:00:00 PM');
Insert into S20_1_TRAIN_DEPARTURE (TRAIN_NO,STATION_CODE,DEPARTURE_DATE,DEPARTURE_TIME) values (11122,'MUM',to_date('20-MAR-20','DD-MON-RR'),'6:00:00 PM');
Insert into S20_1_TRAIN_DEPARTURE (TRAIN_NO,STATION_CODE,DEPARTURE_DATE,DEPARTURE_TIME) values (11122,'MUM',to_date('17-MAR-20','DD-MON-RR'),'6:00:00 PM');
Insert into S20_1_TRAIN_DEPARTURE (TRAIN_NO,STATION_CODE,DEPARTURE_DATE,DEPARTURE_TIME) values (11122,'MUM',to_date('18-MAR-20','DD-MON-RR'),'6:00:00 PM');
Insert into S20_1_TRAIN_DEPARTURE (TRAIN_NO,STATION_CODE,DEPARTURE_DATE,DEPARTURE_TIME) values (11122,'MUM',to_date('16-MAR-20','DD-MON-RR'),'6:00:00 PM');
Insert into S20_1_TRAIN_DEPARTURE (TRAIN_NO,STATION_CODE,DEPARTURE_DATE,DEPARTURE_TIME) values (11122,'MUM',to_date('02-MAY-20','DD-MON-RR'),'6:00:00 PM');
Insert into S20_1_TRAIN_DEPARTURE (TRAIN_NO,STATION_CODE,DEPARTURE_DATE,DEPARTURE_TIME) values (11123,'NDL',to_date('26-MAY-20','DD-MON-RR'),'5:00:00 AM');
Insert into S20_1_TRAIN_DEPARTURE (TRAIN_NO,STATION_CODE,DEPARTURE_DATE,DEPARTURE_TIME) values (11124,'JAI',to_date('25-MAY-20','DD-MON-RR'),'5:00:00 PM');
Insert into S20_1_TRAIN_DEPARTURE (TRAIN_NO,STATION_CODE,DEPARTURE_DATE,DEPARTURE_TIME) values (11124,'JAI',to_date('29-MAY-20','DD-MON-RR'),'5:00:00 PM');
Insert into S20_1_TRAIN_DEPARTURE (TRAIN_NO,STATION_CODE,DEPARTURE_DATE,DEPARTURE_TIME) values (11124,'JAI',to_date('30-MAY-20','DD-MON-RR'),'5:00:00 PM');
Insert into S20_1_TRAIN_DEPARTURE (TRAIN_NO,STATION_CODE,DEPARTURE_DATE,DEPARTURE_TIME) values (11124,'JAI',to_date('27-MAY-20','DD-MON-RR'),'5:00:00 PM');
Insert into S20_1_TRAIN_DEPARTURE (TRAIN_NO,STATION_CODE,DEPARTURE_DATE,DEPARTURE_TIME) values (11124,'JAI',to_date('02-APR-20','DD-MON-RR'),'5:00:00 PM');
Insert into S20_1_TRAIN_DEPARTURE (TRAIN_NO,STATION_CODE,DEPARTURE_DATE,DEPARTURE_TIME) values (11125,'NDL',to_date('06-APR-20','DD-MON-RR'),'5:00:00 PM');
Insert into S20_1_TRAIN_DEPARTURE (TRAIN_NO,STATION_CODE,DEPARTURE_DATE,DEPARTURE_TIME) values (11126,'MUM',to_date('07-APR-20','DD-MON-RR'),'5:00:00 PM');
Insert into S20_1_TRAIN_DEPARTURE (TRAIN_NO,STATION_CODE,DEPARTURE_DATE,DEPARTURE_TIME) values (11126,'MUM',to_date('09-APR-20','DD-MON-RR'),'5:00:00 PM');
Insert into S20_1_TRAIN_DEPARTURE (TRAIN_NO,STATION_CODE,DEPARTURE_DATE,DEPARTURE_TIME) values (11127,'NDL',to_date('15-APR-20','DD-MON-RR'),'4:00:00 PM');
Insert into S20_1_TRAIN_DEPARTURE (TRAIN_NO,STATION_CODE,DEPARTURE_DATE,DEPARTURE_TIME) values (11128,'BAN',to_date('16-APR-20','DD-MON-RR'),'4:00:00 PM');
Insert into S20_1_TRAIN_DEPARTURE (TRAIN_NO,STATION_CODE,DEPARTURE_DATE,DEPARTURE_TIME) values (11128,'BAN',to_date('17-APR-20','DD-MON-RR'),'4:00:00 PM');
Insert into S20_1_TRAIN_DEPARTURE (TRAIN_NO,STATION_CODE,DEPARTURE_DATE,DEPARTURE_TIME) values (11129,'NDL',to_date('20-APR-20','DD-MON-RR'),'5:00:00 PM');
Insert into S20_1_TRAIN_DEPARTURE (TRAIN_NO,STATION_CODE,DEPARTURE_DATE,DEPARTURE_TIME) values (11130,'HYD',to_date('22-APR-20','DD-MON-RR'),'5:00:00 PM');
Insert into S20_1_TRAIN_DEPARTURE (TRAIN_NO,STATION_CODE,DEPARTURE_DATE,DEPARTURE_TIME) values (11131,'MUM',to_date('30-APR-20','DD-MON-RR'),'9:00:00 PM');
Insert into S20_1_TRAIN_DEPARTURE (TRAIN_NO,STATION_CODE,DEPARTURE_DATE,DEPARTURE_TIME) values (11132,'HYD',to_date('01-JUN-20','DD-MON-RR'),'9:00:00 PM');
Insert into S20_1_TRAIN_DEPARTURE (TRAIN_NO,STATION_CODE,DEPARTURE_DATE,DEPARTURE_TIME) values (11133,'MUM',to_date('06-JUN-20','DD-MON-RR'),'9:00:00 PM');
Insert into S20_1_TRAIN_DEPARTURE (TRAIN_NO,STATION_CODE,DEPARTURE_DATE,DEPARTURE_TIME) values (11134,'BAN',to_date('11-JUN-20','DD-MON-RR'),'9:00:00 PM');
Insert into S20_1_TRAIN_DEPARTURE (TRAIN_NO,STATION_CODE,DEPARTURE_DATE,DEPARTURE_TIME) values (11135,'NDL',to_date('20-JUN-20','DD-MON-RR'),'6:00:00 PM');
Insert into S20_1_TRAIN_DEPARTURE (TRAIN_NO,STATION_CODE,DEPARTURE_DATE,DEPARTURE_TIME) values (11136,'MUM',to_date('20-JUN-20','DD-MON-RR'),'6:00:00 PM');

SELECT * from S20_1_TRAIN_DEPARTURE ;



-- 8. Passenger

Insert into S20_1_PASSENGER (PASSENGER_ID,NAME,DATE_OF_BIRTH,PHONE_NO,GENDER,HOME_CITY,PREFERRED_CLASS) values (100001,'Virat Kohli',to_date('26-MAY-05','DD-MON-RR'),2225227004,'M','PUNE','3AC');
Insert into S20_1_PASSENGER (PASSENGER_ID,NAME,DATE_OF_BIRTH,PHONE_NO,GENDER,HOME_CITY,PREFERRED_CLASS) values (100002,'Shikhar Dhawan',to_date('17-OCT-98','DD-MON-RR'),2223892005,'M','MUMBAI','2AC');
Insert into S20_1_PASSENGER (PASSENGER_ID,NAME,DATE_OF_BIRTH,PHONE_NO,GENDER,HOME_CITY,PREFERRED_CLASS) values (100003,'Mithali Raj',to_date('15-MAY-95','DD-MON-RR'),1415103392,'F','DELHI','1AC');
Insert into S20_1_PASSENGER (PASSENGER_ID,NAME,DATE_OF_BIRTH,PHONE_NO,GENDER,HOME_CITY,PREFERRED_CLASS) values (100004,'Harshdeep Kaur',to_date('14-OCT-94','DD-MON-RR'),1225591095,'F','AGRA','3AC');
Insert into S20_1_PASSENGER (PASSENGER_ID,NAME,DATE_OF_BIRTH,PHONE_NO,GENDER,HOME_CITY,PREFERRED_CLASS) values (100005,'Rahul Dravid',to_date('07-SEP-93','DD-MON-RR'),2123233078,'M','LUCKNOW','SL');
Insert into S20_1_PASSENGER (PASSENGER_ID,NAME,DATE_OF_BIRTH,PHONE_NO,GENDER,HOME_CITY,PREFERRED_CLASS) values (100006,'Sheldon Cooper',to_date('24-MAR-92','DD-MON-RR'),2224121976,'M','JAIPUR','3AC');
Insert into S20_1_PASSENGER (PASSENGER_ID,NAME,DATE_OF_BIRTH,PHONE_NO,GENDER,HOME_CITY,PREFERRED_CLASS) values (100007,'Amy Scott',to_date('11-JAN-88','DD-MON-RR'),7731408691,'F','DELHI','2AC');
Insert into S20_1_PASSENGER (PASSENGER_ID,NAME,DATE_OF_BIRTH,PHONE_NO,GENDER,HOME_CITY,PREFERRED_CLASS) values (100008,'Jennifer Aniston',to_date('21-AUG-87','DD-MON-RR'),2228301936,'F','DELHI','1AC');
Insert into S20_1_PASSENGER (PASSENGER_ID,NAME,DATE_OF_BIRTH,PHONE_NO,GENDER,HOME_CITY,PREFERRED_CLASS) values (100009,'VVS Laxman',to_date('25-DEC-86','DD-MON-RR'),4027879707,'M','PUNE','3AC');
Insert into S20_1_PASSENGER (PASSENGER_ID,NAME,DATE_OF_BIRTH,PHONE_NO,GENDER,HOME_CITY,PREFERRED_CLASS) values (100010,'Saurav Ganguly',to_date('31-OCT-85','DD-MON-RR'),4027173569,'M','MUMBAI','SL');
Insert into S20_1_PASSENGER (PASSENGER_ID,NAME,DATE_OF_BIRTH,PHONE_NO,GENDER,HOME_CITY,PREFERRED_CLASS) values (100011,'Priyanka Chopra',to_date('28-JAN-85','DD-MON-RR'),4424894975,'F','DELHI','3AC');
Insert into S20_1_PASSENGER (PASSENGER_ID,NAME,DATE_OF_BIRTH,PHONE_NO,GENDER,HOME_CITY,PREFERRED_CLASS) values (100012,'Sachin Tendulkar',to_date('12-AUG-81','DD-MON-RR'),4562381566,'M','MUMBAI','2AC');
Insert into S20_1_PASSENGER (PASSENGER_ID,NAME,DATE_OF_BIRTH,PHONE_NO,GENDER,HOME_CITY,PREFERRED_CLASS) values (100013,'Mary Kom',to_date('14-JUL-81','DD-MON-RR'),2222150496,'F','GUWAHATI','1AC');
Insert into S20_1_PASSENGER (PASSENGER_ID,NAME,DATE_OF_BIRTH,PHONE_NO,GENDER,HOME_CITY,PREFERRED_CLASS) values (100014,'Jwala Gutta',to_date('15-JAN-81','DD-MON-RR'),1126118020,'F','CHENNAI','3AC');
Insert into S20_1_PASSENGER (PASSENGER_ID,NAME,DATE_OF_BIRTH,PHONE_NO,GENDER,HOME_CITY,PREFERRED_CLASS) values (100015,'Sania Mirza',to_date('21-DEC-79','DD-MON-RR'),1126523907,'F','HYDERABAD','SL');
Insert into S20_1_PASSENGER (PASSENGER_ID,NAME,DATE_OF_BIRTH,PHONE_NO,GENDER,HOME_CITY,PREFERRED_CLASS) values (100016,'Deepika Padukone',to_date('27-NOV-78','DD-MON-RR'),2226366785,'F','BANGLORE','3AC');
Insert into S20_1_PASSENGER (PASSENGER_ID,NAME,DATE_OF_BIRTH,PHONE_NO,GENDER,HOME_CITY,PREFERRED_CLASS) values (100017,'Madhuri Dixit',to_date('23-MAY-78','DD-MON-RR'),8922237005,'F','PUNE','2AC');
Insert into S20_1_PASSENGER (PASSENGER_ID,NAME,DATE_OF_BIRTH,PHONE_NO,GENDER,HOME_CITY,PREFERRED_CLASS) values (100018,'Sunil Chetri',to_date('01-MAR-74','DD-MON-RR'),9222433944,'M','CALCUTTA','1AC');
Insert into S20_1_PASSENGER (PASSENGER_ID,NAME,DATE_OF_BIRTH,PHONE_NO,GENDER,HOME_CITY,PREFERRED_CLASS) values (100019,'Anupam Kher',to_date('06-NOV-73','DD-MON-RR'),8802556551,'M','MUMBAI','3AC');
Insert into S20_1_PASSENGER (PASSENGER_ID,NAME,DATE_OF_BIRTH,PHONE_NO,GENDER,HOME_CITY,PREFERRED_CLASS) values (100020,'Ranveer Singh',to_date('23-FEB-62','DD-MON-RR'),4027408007,'M','MUMBAI','SL');

SELECT * from S20_1_PASSENGER ;



-- 9. Passenger_Booking

Insert into S20_1_PASSENGER_BOOKING(PASSENGER_ID,TRAIN_NO,JOURNEY_DATE,CLASS,SEAT_NO,PRICE) values (100001,11121,to_date('16-FEB-20','DD-MON-RR'),'2AC',1,1848);
Insert into S20_1_PASSENGER_BOOKING(PASSENGER_ID,TRAIN_NO,JOURNEY_DATE,CLASS,SEAT_NO,PRICE) values (100001,11122,to_date('20-MAR-20','DD-MON-RR'),'2AC',1,1922);
Insert into S20_1_PASSENGER_BOOKING(PASSENGER_ID,TRAIN_NO,JOURNEY_DATE,CLASS,SEAT_NO,PRICE) values (100001,11123,to_date('02-MAY-20','DD-MON-RR'),'3AC',3,1001);
Insert into S20_1_PASSENGER_BOOKING(PASSENGER_ID,TRAIN_NO,JOURNEY_DATE,CLASS,SEAT_NO,PRICE) values (100001,11124,to_date('25-MAY-20','DD-MON-RR'),'3AC',3,1324);
Insert into S20_1_PASSENGER_BOOKING(PASSENGER_ID,TRAIN_NO,JOURNEY_DATE,CLASS,SEAT_NO,PRICE) values (100001,11133,to_date('01-JUN-20','DD-MON-RR'),'3AC',2,1126);
Insert into S20_1_PASSENGER_BOOKING(PASSENGER_ID,TRAIN_NO,JOURNEY_DATE,CLASS,SEAT_NO,PRICE) values (100001,11134,to_date('06-JUN-20','DD-MON-RR'),'3AC',3,1352);
Insert into S20_1_PASSENGER_BOOKING(PASSENGER_ID,TRAIN_NO,JOURNEY_DATE,CLASS,SEAT_NO,PRICE) values (100001,11135,to_date('11-JUN-20','DD-MON-RR'),'1AC',1,2013);
Insert into S20_1_PASSENGER_BOOKING(PASSENGER_ID,TRAIN_NO,JOURNEY_DATE,CLASS,SEAT_NO,PRICE) values (100001,11136,to_date('20-JUN-20','DD-MON-RR'),'2AC',2,1850);
Insert into S20_1_PASSENGER_BOOKING(PASSENGER_ID,TRAIN_NO,JOURNEY_DATE,CLASS,SEAT_NO,PRICE) values (100002,11115,to_date('19-JAN-20','DD-MON-RR'),'2AC',1,1734);
Insert into S20_1_PASSENGER_BOOKING(PASSENGER_ID,TRAIN_NO,JOURNEY_DATE,CLASS,SEAT_NO,PRICE) values (100002,11116,to_date('21-JAN-20','DD-MON-RR'),'2AC',1,1835);
Insert into S20_1_PASSENGER_BOOKING(PASSENGER_ID,TRAIN_NO,JOURNEY_DATE,CLASS,SEAT_NO,PRICE) values (100002,11117,to_date('26-JAN-20','DD-MON-RR'),'3AC',2,1364);
Insert into S20_1_PASSENGER_BOOKING(PASSENGER_ID,TRAIN_NO,JOURNEY_DATE,CLASS,SEAT_NO,PRICE) values (100002,11118,to_date('30-JAN-20','DD-MON-RR'),'3AC',2,1444);
Insert into S20_1_PASSENGER_BOOKING(PASSENGER_ID,TRAIN_NO,JOURNEY_DATE,CLASS,SEAT_NO,PRICE) values (100002,11123,to_date('02-MAY-20','DD-MON-RR'),'SL',3,793);
Insert into S20_1_PASSENGER_BOOKING(PASSENGER_ID,TRAIN_NO,JOURNEY_DATE,CLASS,SEAT_NO,PRICE) values (100002,11124,to_date('29-MAY-20','DD-MON-RR'),'SL',3,823);
Insert into S20_1_PASSENGER_BOOKING(PASSENGER_ID,TRAIN_NO,JOURNEY_DATE,CLASS,SEAT_NO,PRICE) values (100002,11125,to_date('01-APR-20','DD-MON-RR'),'3AC',1,1351);
Insert into S20_1_PASSENGER_BOOKING(PASSENGER_ID,TRAIN_NO,JOURNEY_DATE,CLASS,SEAT_NO,PRICE) values (100002,11126,to_date('06-APR-20','DD-MON-RR'),'3AC',1,1138);
Insert into S20_1_PASSENGER_BOOKING(PASSENGER_ID,TRAIN_NO,JOURNEY_DATE,CLASS,SEAT_NO,PRICE) values (100002,11127,to_date('09-APR-20','DD-MON-RR'),'2AC',2,1526);
Insert into S20_1_PASSENGER_BOOKING(PASSENGER_ID,TRAIN_NO,JOURNEY_DATE,CLASS,SEAT_NO,PRICE) values (100002,11128,to_date('15-APR-20','DD-MON-RR'),'1AC',1,2274);
Insert into S20_1_PASSENGER_BOOKING(PASSENGER_ID,TRAIN_NO,JOURNEY_DATE,CLASS,SEAT_NO,PRICE) values (100002,11131,to_date('22-APR-20','DD-MON-RR'),'3AC',3,1353);
Insert into S20_1_PASSENGER_BOOKING(PASSENGER_ID,TRAIN_NO,JOURNEY_DATE,CLASS,SEAT_NO,PRICE) values (100002,11132,to_date('30-APR-20','DD-MON-RR'),'3AC',3,1221);
Insert into S20_1_PASSENGER_BOOKING(PASSENGER_ID,TRAIN_NO,JOURNEY_DATE,CLASS,SEAT_NO,PRICE) values (100002,11133,to_date('01-JUN-20','DD-MON-RR'),'3AC',1,1460);
Insert into S20_1_PASSENGER_BOOKING(PASSENGER_ID,TRAIN_NO,JOURNEY_DATE,CLASS,SEAT_NO,PRICE) values (100002,11134,to_date('06-JUN-20','DD-MON-RR'),'3AC',2,1382);
Insert into S20_1_PASSENGER_BOOKING(PASSENGER_ID,TRAIN_NO,JOURNEY_DATE,CLASS,SEAT_NO,PRICE) values (100002,11135,to_date('11-JUN-20','DD-MON-RR'),'2AC',1,1668);
Insert into S20_1_PASSENGER_BOOKING(PASSENGER_ID,TRAIN_NO,JOURNEY_DATE,CLASS,SEAT_NO,PRICE) values (100002,11136,to_date('20-JUN-20','DD-MON-RR'),'2AC',1,1712);
Insert into S20_1_PASSENGER_BOOKING(PASSENGER_ID,TRAIN_NO,JOURNEY_DATE,CLASS,SEAT_NO,PRICE) values (100003,11117,to_date('26-JAN-20','DD-MON-RR'),'SL',4,904);
Insert into S20_1_PASSENGER_BOOKING(PASSENGER_ID,TRAIN_NO,JOURNEY_DATE,CLASS,SEAT_NO,PRICE) values (100003,11118,to_date('04-FEB-20','DD-MON-RR'),'SL',4,658);
Insert into S20_1_PASSENGER_BOOKING(PASSENGER_ID,TRAIN_NO,JOURNEY_DATE,CLASS,SEAT_NO,PRICE) values (100003,11121,to_date('16-FEB-20','DD-MON-RR'),'3AC',2,1004);
Insert into S20_1_PASSENGER_BOOKING(PASSENGER_ID,TRAIN_NO,JOURNEY_DATE,CLASS,SEAT_NO,PRICE) values (100003,11122,to_date('17-MAR-20','DD-MON-RR'),'3AC',2,1041);
Insert into S20_1_PASSENGER_BOOKING(PASSENGER_ID,TRAIN_NO,JOURNEY_DATE,CLASS,SEAT_NO,PRICE) values (100003,11123,to_date('02-MAY-20','DD-MON-RR'),'SL',5,522);
Insert into S20_1_PASSENGER_BOOKING(PASSENGER_ID,TRAIN_NO,JOURNEY_DATE,CLASS,SEAT_NO,PRICE) values (100003,11124,to_date('30-MAY-20','DD-MON-RR'),'SL',5,987);
Insert into S20_1_PASSENGER_BOOKING(PASSENGER_ID,TRAIN_NO,JOURNEY_DATE,CLASS,SEAT_NO,PRICE) values (100003,11125,to_date('01-APR-20','DD-MON-RR'),'2AC',1,1876);
Insert into S20_1_PASSENGER_BOOKING(PASSENGER_ID,TRAIN_NO,JOURNEY_DATE,CLASS,SEAT_NO,PRICE) values (100003,11126,to_date('07-APR-20','DD-MON-RR'),'3AC',2,1328);
Insert into S20_1_PASSENGER_BOOKING(PASSENGER_ID,TRAIN_NO,JOURNEY_DATE,CLASS,SEAT_NO,PRICE) values (100003,11127,to_date('09-APR-20','DD-MON-RR'),'1AC',1,2175);
Insert into S20_1_PASSENGER_BOOKING(PASSENGER_ID,TRAIN_NO,JOURNEY_DATE,CLASS,SEAT_NO,PRICE) values (100003,11128,to_date('15-APR-20','DD-MON-RR'),'1AC',1,2250);
Insert into S20_1_PASSENGER_BOOKING(PASSENGER_ID,TRAIN_NO,JOURNEY_DATE,CLASS,SEAT_NO,PRICE) values (100003,11129,to_date('17-APR-20','DD-MON-RR'),'1AC',1,2313);
Insert into S20_1_PASSENGER_BOOKING(PASSENGER_ID,TRAIN_NO,JOURNEY_DATE,CLASS,SEAT_NO,PRICE) values (100003,11130,to_date('20-APR-20','DD-MON-RR'),'1AC',1,2118);
Insert into S20_1_PASSENGER_BOOKING(PASSENGER_ID,TRAIN_NO,JOURNEY_DATE,CLASS,SEAT_NO,PRICE) values (100003,11131,to_date('22-APR-20','DD-MON-RR'),'2AC',1,1571);
Insert into S20_1_PASSENGER_BOOKING(PASSENGER_ID,TRAIN_NO,JOURNEY_DATE,CLASS,SEAT_NO,PRICE) values (100003,11132,to_date('30-APR-20','DD-MON-RR'),'2AC',1,1973);
Insert into S20_1_PASSENGER_BOOKING(PASSENGER_ID,TRAIN_NO,JOURNEY_DATE,CLASS,SEAT_NO,PRICE) values (100004,11117,to_date('26-JAN-20','DD-MON-RR'),'3AC',3,1120);
Insert into S20_1_PASSENGER_BOOKING(PASSENGER_ID,TRAIN_NO,JOURNEY_DATE,CLASS,SEAT_NO,PRICE) values (100004,11118,to_date('01-FEB-20','DD-MON-RR'),'3AC',3,1226);
Insert into S20_1_PASSENGER_BOOKING(PASSENGER_ID,TRAIN_NO,JOURNEY_DATE,CLASS,SEAT_NO,PRICE) values (100004,11123,to_date('02-MAY-20','DD-MON-RR'),'3AC',2,1111);
Insert into S20_1_PASSENGER_BOOKING(PASSENGER_ID,TRAIN_NO,JOURNEY_DATE,CLASS,SEAT_NO,PRICE) values (100004,11124,to_date('26-MAY-20','DD-MON-RR'),'3AC',2,1019);
Insert into S20_1_PASSENGER_BOOKING(PASSENGER_ID,TRAIN_NO,JOURNEY_DATE,CLASS,SEAT_NO,PRICE) values (100004,11127,to_date('09-APR-20','DD-MON-RR'),'3AC',3,1325);
Insert into S20_1_PASSENGER_BOOKING(PASSENGER_ID,TRAIN_NO,JOURNEY_DATE,CLASS,SEAT_NO,PRICE) values (100004,11128,to_date('16-APR-20','DD-MON-RR'),'3AC',3,1276);
Insert into S20_1_PASSENGER_BOOKING(PASSENGER_ID,TRAIN_NO,JOURNEY_DATE,CLASS,SEAT_NO,PRICE) values (100005,11117,to_date('26-JAN-20','DD-MON-RR'),'SL',2,545);
Insert into S20_1_PASSENGER_BOOKING(PASSENGER_ID,TRAIN_NO,JOURNEY_DATE,CLASS,SEAT_NO,PRICE) values (100005,11118,to_date('02-FEB-20','DD-MON-RR'),'SL',2,946);
Insert into S20_1_PASSENGER_BOOKING(PASSENGER_ID,TRAIN_NO,JOURNEY_DATE,CLASS,SEAT_NO,PRICE) values (100005,11121,to_date('16-FEB-20','DD-MON-RR'),'SL',5,619);
Insert into S20_1_PASSENGER_BOOKING(PASSENGER_ID,TRAIN_NO,JOURNEY_DATE,CLASS,SEAT_NO,PRICE) values (100005,11122,to_date('16-MAR-20','DD-MON-RR'),'2AC',2,1594);
Insert into S20_1_PASSENGER_BOOKING(PASSENGER_ID,TRAIN_NO,JOURNEY_DATE,CLASS,SEAT_NO,PRICE) values (100005,11129,to_date('17-APR-20','DD-MON-RR'),'2AC',3,1712);
Insert into S20_1_PASSENGER_BOOKING(PASSENGER_ID,TRAIN_NO,JOURNEY_DATE,CLASS,SEAT_NO,PRICE) values (100005,11130,to_date('20-APR-20','DD-MON-RR'),'2AC',3,1740);
Insert into S20_1_PASSENGER_BOOKING(PASSENGER_ID,TRAIN_NO,JOURNEY_DATE,CLASS,SEAT_NO,PRICE) values (100005,11131,to_date('22-APR-20','DD-MON-RR'),'SL',3,637);
Insert into S20_1_PASSENGER_BOOKING(PASSENGER_ID,TRAIN_NO,JOURNEY_DATE,CLASS,SEAT_NO,PRICE) values (100005,11132,to_date('30-APR-20','DD-MON-RR'),'SL',3,919);
Insert into S20_1_PASSENGER_BOOKING(PASSENGER_ID,TRAIN_NO,JOURNEY_DATE,CLASS,SEAT_NO,PRICE) values (100005,11135,to_date('11-JUN-20','DD-MON-RR'),'3AC',4,1253);
Insert into S20_1_PASSENGER_BOOKING(PASSENGER_ID,TRAIN_NO,JOURNEY_DATE,CLASS,SEAT_NO,PRICE) values (100005,11136,to_date('20-JUN-20','DD-MON-RR'),'3AC',4,1305);
Insert into S20_1_PASSENGER_BOOKING(PASSENGER_ID,TRAIN_NO,JOURNEY_DATE,CLASS,SEAT_NO,PRICE) values (100006,11115,to_date('19-JAN-20','DD-MON-RR'),'1AC',1,2250);
Insert into S20_1_PASSENGER_BOOKING(PASSENGER_ID,TRAIN_NO,JOURNEY_DATE,CLASS,SEAT_NO,PRICE) values (100006,11116,to_date('23-JAN-20','DD-MON-RR'),'1AC',1,2429);
Insert into S20_1_PASSENGER_BOOKING(PASSENGER_ID,TRAIN_NO,JOURNEY_DATE,CLASS,SEAT_NO,PRICE) values (100006,11121,to_date('16-FEB-20','DD-MON-RR'),'SL',4,994);
Insert into S20_1_PASSENGER_BOOKING(PASSENGER_ID,TRAIN_NO,JOURNEY_DATE,CLASS,SEAT_NO,PRICE) values (100006,11122,to_date('20-MAR-20','DD-MON-RR'),'SL',4,661);
Insert into S20_1_PASSENGER_BOOKING(PASSENGER_ID,TRAIN_NO,JOURNEY_DATE,CLASS,SEAT_NO,PRICE) values (100006,11125,to_date('01-APR-20','DD-MON-RR'),'2AC',2,1836);
Insert into S20_1_PASSENGER_BOOKING(PASSENGER_ID,TRAIN_NO,JOURNEY_DATE,CLASS,SEAT_NO,PRICE) values (100006,11126,to_date('07-APR-20','DD-MON-RR'),'2AC',3,1693);
Insert into S20_1_PASSENGER_BOOKING(PASSENGER_ID,TRAIN_NO,JOURNEY_DATE,CLASS,SEAT_NO,PRICE) values (100006,11135,to_date('11-JUN-20','DD-MON-RR'),'3AC',2,1119);
Insert into S20_1_PASSENGER_BOOKING(PASSENGER_ID,TRAIN_NO,JOURNEY_DATE,CLASS,SEAT_NO,PRICE) values (100006,11136,to_date('20-JUN-20','DD-MON-RR'),'3AC',2,1377);
Insert into S20_1_PASSENGER_BOOKING(PASSENGER_ID,TRAIN_NO,JOURNEY_DATE,CLASS,SEAT_NO,PRICE) values (100007,11121,to_date('16-FEB-20','DD-MON-RR'),'3AC',3,1422);
Insert into S20_1_PASSENGER_BOOKING(PASSENGER_ID,TRAIN_NO,JOURNEY_DATE,CLASS,SEAT_NO,PRICE) values (100007,11122,to_date('16-MAR-20','DD-MON-RR'),'3AC',3,1237);
Insert into S20_1_PASSENGER_BOOKING(PASSENGER_ID,TRAIN_NO,JOURNEY_DATE,CLASS,SEAT_NO,PRICE) values (100007,11123,to_date('02-MAY-20','DD-MON-RR'),'SL',2,606);
Insert into S20_1_PASSENGER_BOOKING(PASSENGER_ID,TRAIN_NO,JOURNEY_DATE,CLASS,SEAT_NO,PRICE) values (100007,11124,to_date('25-MAY-20','DD-MON-RR'),'SL',2,765);
Insert into S20_1_PASSENGER_BOOKING(PASSENGER_ID,TRAIN_NO,JOURNEY_DATE,CLASS,SEAT_NO,PRICE) values (100007,11133,to_date('01-JUN-20','DD-MON-RR'),'SL',1,742);
Insert into S20_1_PASSENGER_BOOKING(PASSENGER_ID,TRAIN_NO,JOURNEY_DATE,CLASS,SEAT_NO,PRICE) values (100007,11134,to_date('06-JUN-20','DD-MON-RR'),'SL',1,613);
Insert into S20_1_PASSENGER_BOOKING(PASSENGER_ID,TRAIN_NO,JOURNEY_DATE,CLASS,SEAT_NO,PRICE) values (100008,11115,to_date('19-JAN-20','DD-MON-RR'),'3AC',1,1141);
Insert into S20_1_PASSENGER_BOOKING(PASSENGER_ID,TRAIN_NO,JOURNEY_DATE,CLASS,SEAT_NO,PRICE) values (100008,11116,to_date('26-JAN-20','DD-MON-RR'),'3AC',1,1490);
Insert into S20_1_PASSENGER_BOOKING(PASSENGER_ID,TRAIN_NO,JOURNEY_DATE,CLASS,SEAT_NO,PRICE) values (100008,11117,to_date('26-JAN-20','DD-MON-RR'),'1AC',1,2148);
Insert into S20_1_PASSENGER_BOOKING(PASSENGER_ID,TRAIN_NO,JOURNEY_DATE,CLASS,SEAT_NO,PRICE) values (100008,11118,to_date('05-FEB-20','DD-MON-RR'),'2AC',3,1899);
Insert into S20_1_PASSENGER_BOOKING(PASSENGER_ID,TRAIN_NO,JOURNEY_DATE,CLASS,SEAT_NO,PRICE) values (100008,11119,to_date('08-FEB-20','DD-MON-RR'),'2AC',2,1699);
Insert into S20_1_PASSENGER_BOOKING(PASSENGER_ID,TRAIN_NO,JOURNEY_DATE,CLASS,SEAT_NO,PRICE) values (100008,11120,to_date('13-FEB-20','DD-MON-RR'),'2AC',2,1588);
Insert into S20_1_PASSENGER_BOOKING(PASSENGER_ID,TRAIN_NO,JOURNEY_DATE,CLASS,SEAT_NO,PRICE) values (100008,11121,to_date('16-FEB-20','DD-MON-RR'),'SL',3,885);
Insert into S20_1_PASSENGER_BOOKING(PASSENGER_ID,TRAIN_NO,JOURNEY_DATE,CLASS,SEAT_NO,PRICE) values (100008,11122,to_date('19-MAR-20','DD-MON-RR'),'SL',3,959);
Insert into S20_1_PASSENGER_BOOKING(PASSENGER_ID,TRAIN_NO,JOURNEY_DATE,CLASS,SEAT_NO,PRICE) values (100008,11133,to_date('01-JUN-20','DD-MON-RR'),'SL',2,577);
Insert into S20_1_PASSENGER_BOOKING(PASSENGER_ID,TRAIN_NO,JOURNEY_DATE,CLASS,SEAT_NO,PRICE) values (100008,11134,to_date('06-JUN-20','DD-MON-RR'),'SL',2,997);
Insert into S20_1_PASSENGER_BOOKING(PASSENGER_ID,TRAIN_NO,JOURNEY_DATE,CLASS,SEAT_NO,PRICE) values (100008,11135,to_date('11-JUN-20','DD-MON-RR'),'SL',2,831);
Insert into S20_1_PASSENGER_BOOKING(PASSENGER_ID,TRAIN_NO,JOURNEY_DATE,CLASS,SEAT_NO,PRICE) values (100008,11136,to_date('20-JUN-20','DD-MON-RR'),'SL',2,899);
Insert into S20_1_PASSENGER_BOOKING(PASSENGER_ID,TRAIN_NO,JOURNEY_DATE,CLASS,SEAT_NO,PRICE) values (100009,11115,to_date('19-JAN-20','DD-MON-RR'),'1AC',1,2130);
Insert into S20_1_PASSENGER_BOOKING(PASSENGER_ID,TRAIN_NO,JOURNEY_DATE,CLASS,SEAT_NO,PRICE) values (100009,11116,to_date('26-JAN-20','DD-MON-RR'),'1AC',1,2185);
Insert into S20_1_PASSENGER_BOOKING(PASSENGER_ID,TRAIN_NO,JOURNEY_DATE,CLASS,SEAT_NO,PRICE) values (100009,11117,to_date('26-JAN-20','DD-MON-RR'),'3AC',1,1077);
Insert into S20_1_PASSENGER_BOOKING(PASSENGER_ID,TRAIN_NO,JOURNEY_DATE,CLASS,SEAT_NO,PRICE) values (100009,11118,to_date('07-FEB-20','DD-MON-RR'),'3AC',1,1281);
Insert into S20_1_PASSENGER_BOOKING(PASSENGER_ID,TRAIN_NO,JOURNEY_DATE,CLASS,SEAT_NO,PRICE) values (100009,11121,to_date('16-FEB-20','DD-MON-RR'),'SL',2,709);
Insert into S20_1_PASSENGER_BOOKING(PASSENGER_ID,TRAIN_NO,JOURNEY_DATE,CLASS,SEAT_NO,PRICE) values (100009,11122,to_date('19-MAR-20','DD-MON-RR'),'SL',2,511);
Insert into S20_1_PASSENGER_BOOKING(PASSENGER_ID,TRAIN_NO,JOURNEY_DATE,CLASS,SEAT_NO,PRICE) values (100009,11123,to_date('02-MAY-20','DD-MON-RR'),'2AC',1,1850);
Insert into S20_1_PASSENGER_BOOKING(PASSENGER_ID,TRAIN_NO,JOURNEY_DATE,CLASS,SEAT_NO,PRICE) values (100009,11124,to_date('26-MAY-20','DD-MON-RR'),'2AC',1,1783);
Insert into S20_1_PASSENGER_BOOKING(PASSENGER_ID,TRAIN_NO,JOURNEY_DATE,CLASS,SEAT_NO,PRICE) values (100009,11125,to_date('01-APR-20','DD-MON-RR'),'3AC',4,1069);
Insert into S20_1_PASSENGER_BOOKING(PASSENGER_ID,TRAIN_NO,JOURNEY_DATE,CLASS,SEAT_NO,PRICE) values (100009,11126,to_date('06-APR-20','DD-MON-RR'),'2AC',2,1539);
Insert into S20_1_PASSENGER_BOOKING(PASSENGER_ID,TRAIN_NO,JOURNEY_DATE,CLASS,SEAT_NO,PRICE) values (100009,11127,to_date('09-APR-20','DD-MON-RR'),'3AC',2,1030);
Insert into S20_1_PASSENGER_BOOKING(PASSENGER_ID,TRAIN_NO,JOURNEY_DATE,CLASS,SEAT_NO,PRICE) values (100009,11128,to_date('15-APR-20','DD-MON-RR'),'3AC',2,1405);
Insert into S20_1_PASSENGER_BOOKING(PASSENGER_ID,TRAIN_NO,JOURNEY_DATE,CLASS,SEAT_NO,PRICE) values (100009,11129,to_date('17-APR-20','DD-MON-RR'),'3AC',2,1253);
Insert into S20_1_PASSENGER_BOOKING(PASSENGER_ID,TRAIN_NO,JOURNEY_DATE,CLASS,SEAT_NO,PRICE) values (100009,11130,to_date('20-APR-20','DD-MON-RR'),'3AC',2,1035);
Insert into S20_1_PASSENGER_BOOKING(PASSENGER_ID,TRAIN_NO,JOURNEY_DATE,CLASS,SEAT_NO,PRICE) values (100009,11131,to_date('22-APR-20','DD-MON-RR'),'1AC',1,2394);
Insert into S20_1_PASSENGER_BOOKING(PASSENGER_ID,TRAIN_NO,JOURNEY_DATE,CLASS,SEAT_NO,PRICE) values (100009,11132,to_date('30-APR-20','DD-MON-RR'),'2AC',3,1830);
Insert into S20_1_PASSENGER_BOOKING(PASSENGER_ID,TRAIN_NO,JOURNEY_DATE,CLASS,SEAT_NO,PRICE) values (100009,11135,to_date('11-JUN-20','DD-MON-RR'),'SL',4,543);
Insert into S20_1_PASSENGER_BOOKING(PASSENGER_ID,TRAIN_NO,JOURNEY_DATE,CLASS,SEAT_NO,PRICE) values (100009,11136,to_date('20-JUN-20','DD-MON-RR'),'SL',4,812);
Insert into S20_1_PASSENGER_BOOKING(PASSENGER_ID,TRAIN_NO,JOURNEY_DATE,CLASS,SEAT_NO,PRICE) values (100010,11121,to_date('16-FEB-20','DD-MON-RR'),'SL',5,895);
Insert into S20_1_PASSENGER_BOOKING(PASSENGER_ID,TRAIN_NO,JOURNEY_DATE,CLASS,SEAT_NO,PRICE) values (100010,11122,to_date('17-MAR-20','DD-MON-RR'),'SL',5,861);
Insert into S20_1_PASSENGER_BOOKING(PASSENGER_ID,TRAIN_NO,JOURNEY_DATE,CLASS,SEAT_NO,PRICE) values (100010,11123,to_date('02-MAY-20','DD-MON-RR'),'3AC',1,1294);
Insert into S20_1_PASSENGER_BOOKING(PASSENGER_ID,TRAIN_NO,JOURNEY_DATE,CLASS,SEAT_NO,PRICE) values (100010,11124,to_date('30-MAY-20','DD-MON-RR'),'3AC',1,1053);
Insert into S20_1_PASSENGER_BOOKING(PASSENGER_ID,TRAIN_NO,JOURNEY_DATE,CLASS,SEAT_NO,PRICE) values (100010,11127,to_date('09-APR-20','DD-MON-RR'),'3AC',5,1455);
Insert into S20_1_PASSENGER_BOOKING(PASSENGER_ID,TRAIN_NO,JOURNEY_DATE,CLASS,SEAT_NO,PRICE) values (100010,11128,to_date('16-APR-20','DD-MON-RR'),'2AC',4,1597);
Insert into S20_1_PASSENGER_BOOKING(PASSENGER_ID,TRAIN_NO,JOURNEY_DATE,CLASS,SEAT_NO,PRICE) values (100010,11131,to_date('22-APR-20','DD-MON-RR'),'2AC',2,1588);
Insert into S20_1_PASSENGER_BOOKING(PASSENGER_ID,TRAIN_NO,JOURNEY_DATE,CLASS,SEAT_NO,PRICE) values (100010,11132,to_date('30-APR-20','DD-MON-RR'),'2AC',2,1920);
Insert into S20_1_PASSENGER_BOOKING(PASSENGER_ID,TRAIN_NO,JOURNEY_DATE,CLASS,SEAT_NO,PRICE) values (100010,11135,to_date('11-JUN-20','DD-MON-RR'),'3AC',3,1120);
Insert into S20_1_PASSENGER_BOOKING(PASSENGER_ID,TRAIN_NO,JOURNEY_DATE,CLASS,SEAT_NO,PRICE) values (100010,11136,to_date('20-JUN-20','DD-MON-RR'),'3AC',3,1341);
Insert into S20_1_PASSENGER_BOOKING(PASSENGER_ID,TRAIN_NO,JOURNEY_DATE,CLASS,SEAT_NO,PRICE) values (100011,11111,to_date('02-JAN-20','DD-MON-RR'),'3AC',1,1012);
Insert into S20_1_PASSENGER_BOOKING(PASSENGER_ID,TRAIN_NO,JOURNEY_DATE,CLASS,SEAT_NO,PRICE) values (100011,11112,to_date('05-JAN-20','DD-MON-RR'),'3AC',1,1284);
Insert into S20_1_PASSENGER_BOOKING(PASSENGER_ID,TRAIN_NO,JOURNEY_DATE,CLASS,SEAT_NO,PRICE) values (100011,11113,to_date('10-JAN-20','DD-MON-RR'),'2AC',1,1963);
Insert into S20_1_PASSENGER_BOOKING(PASSENGER_ID,TRAIN_NO,JOURNEY_DATE,CLASS,SEAT_NO,PRICE) values (100011,11114,to_date('18-JAN-20','DD-MON-RR'),'2AC',1,1891);
Insert into S20_1_PASSENGER_BOOKING(PASSENGER_ID,TRAIN_NO,JOURNEY_DATE,CLASS,SEAT_NO,PRICE) values (100011,11121,to_date('16-FEB-20','DD-MON-RR'),'1AC',1,2089);
Insert into S20_1_PASSENGER_BOOKING(PASSENGER_ID,TRAIN_NO,JOURNEY_DATE,CLASS,SEAT_NO,PRICE) values (100011,11122,to_date('18-MAR-20','DD-MON-RR'),'1AC',1,2307);
Insert into S20_1_PASSENGER_BOOKING(PASSENGER_ID,TRAIN_NO,JOURNEY_DATE,CLASS,SEAT_NO,PRICE) values (100011,11125,to_date('01-APR-20','DD-MON-RR'),'1AC',1,2035);
Insert into S20_1_PASSENGER_BOOKING(PASSENGER_ID,TRAIN_NO,JOURNEY_DATE,CLASS,SEAT_NO,PRICE) values (100011,11126,to_date('07-APR-20','DD-MON-RR'),'3AC',4,1400);
Insert into S20_1_PASSENGER_BOOKING(PASSENGER_ID,TRAIN_NO,JOURNEY_DATE,CLASS,SEAT_NO,PRICE) values (100011,11131,to_date('22-APR-20','DD-MON-RR'),'SL',1,620);
Insert into S20_1_PASSENGER_BOOKING(PASSENGER_ID,TRAIN_NO,JOURNEY_DATE,CLASS,SEAT_NO,PRICE) values (100011,11132,to_date('30-APR-20','DD-MON-RR'),'SL',1,690);
Insert into S20_1_PASSENGER_BOOKING(PASSENGER_ID,TRAIN_NO,JOURNEY_DATE,CLASS,SEAT_NO,PRICE) values (100011,11135,to_date('11-JUN-20','DD-MON-RR'),'3AC',1,1245);
Insert into S20_1_PASSENGER_BOOKING(PASSENGER_ID,TRAIN_NO,JOURNEY_DATE,CLASS,SEAT_NO,PRICE) values (100011,11136,to_date('20-JUN-20','DD-MON-RR'),'3AC',1,1269);
Insert into S20_1_PASSENGER_BOOKING(PASSENGER_ID,TRAIN_NO,JOURNEY_DATE,CLASS,SEAT_NO,PRICE) values (100012,11111,to_date('02-JAN-20','DD-MON-RR'),'1AC',2,2311);
Insert into S20_1_PASSENGER_BOOKING(PASSENGER_ID,TRAIN_NO,JOURNEY_DATE,CLASS,SEAT_NO,PRICE) values (100012,11112,to_date('06-JAN-20','DD-MON-RR'),'3AC',4,1132);
Insert into S20_1_PASSENGER_BOOKING(PASSENGER_ID,TRAIN_NO,JOURNEY_DATE,CLASS,SEAT_NO,PRICE) values (100012,11113,to_date('10-JAN-20','DD-MON-RR'),'3AC',4,1200);
Insert into S20_1_PASSENGER_BOOKING(PASSENGER_ID,TRAIN_NO,JOURNEY_DATE,CLASS,SEAT_NO,PRICE) values (100012,11114,to_date('18-JAN-20','DD-MON-RR'),'3AC',4,1422);
Insert into S20_1_PASSENGER_BOOKING(PASSENGER_ID,TRAIN_NO,JOURNEY_DATE,CLASS,SEAT_NO,PRICE) values (100012,11119,to_date('08-FEB-20','DD-MON-RR'),'3AC',2,1216);
Insert into S20_1_PASSENGER_BOOKING(PASSENGER_ID,TRAIN_NO,JOURNEY_DATE,CLASS,SEAT_NO,PRICE) values (100012,11120,to_date('14-FEB-20','DD-MON-RR'),'3AC',3,1154);
Insert into S20_1_PASSENGER_BOOKING(PASSENGER_ID,TRAIN_NO,JOURNEY_DATE,CLASS,SEAT_NO,PRICE) values (100012,11123,to_date('02-MAY-20','DD-MON-RR'),'SL',4,839);
Insert into S20_1_PASSENGER_BOOKING(PASSENGER_ID,TRAIN_NO,JOURNEY_DATE,CLASS,SEAT_NO,PRICE) values (100012,11124,to_date('29-MAY-20','DD-MON-RR'),'SL',4,644);
Insert into S20_1_PASSENGER_BOOKING(PASSENGER_ID,TRAIN_NO,JOURNEY_DATE,CLASS,SEAT_NO,PRICE) values (100013,11113,to_date('10-JAN-20','DD-MON-RR'),'3AC',3,1290);
Insert into S20_1_PASSENGER_BOOKING(PASSENGER_ID,TRAIN_NO,JOURNEY_DATE,CLASS,SEAT_NO,PRICE) values (100013,11114,to_date('17-JAN-20','DD-MON-RR'),'3AC',3,1395);
Insert into S20_1_PASSENGER_BOOKING(PASSENGER_ID,TRAIN_NO,JOURNEY_DATE,CLASS,SEAT_NO,PRICE) values (100013,11117,to_date('26-JAN-20','DD-MON-RR'),'2AC',1,1901);
Insert into S20_1_PASSENGER_BOOKING(PASSENGER_ID,TRAIN_NO,JOURNEY_DATE,CLASS,SEAT_NO,PRICE) values (100013,11118,to_date('03-FEB-20','DD-MON-RR'),'2AC',1,1888);
Insert into S20_1_PASSENGER_BOOKING(PASSENGER_ID,TRAIN_NO,JOURNEY_DATE,CLASS,SEAT_NO,PRICE) values (100013,11125,to_date('01-APR-20','DD-MON-RR'),'3AC',3,1355);
Insert into S20_1_PASSENGER_BOOKING(PASSENGER_ID,TRAIN_NO,JOURNEY_DATE,CLASS,SEAT_NO,PRICE) values (100013,11126,to_date('06-APR-20','DD-MON-RR'),'2AC',1,1717);
Insert into S20_1_PASSENGER_BOOKING(PASSENGER_ID,TRAIN_NO,JOURNEY_DATE,CLASS,SEAT_NO,PRICE) values (100013,11127,to_date('09-APR-20','DD-MON-RR'),'2AC',3,1640);
Insert into S20_1_PASSENGER_BOOKING(PASSENGER_ID,TRAIN_NO,JOURNEY_DATE,CLASS,SEAT_NO,PRICE) values (100013,11128,to_date('16-APR-20','DD-MON-RR'),'2AC',2,1800);
Insert into S20_1_PASSENGER_BOOKING(PASSENGER_ID,TRAIN_NO,JOURNEY_DATE,CLASS,SEAT_NO,PRICE) values (100013,11129,to_date('17-APR-20','DD-MON-RR'),'2AC',1,1790);
Insert into S20_1_PASSENGER_BOOKING(PASSENGER_ID,TRAIN_NO,JOURNEY_DATE,CLASS,SEAT_NO,PRICE) values (100013,11130,to_date('20-APR-20','DD-MON-RR'),'2AC',1,1764);
Insert into S20_1_PASSENGER_BOOKING(PASSENGER_ID,TRAIN_NO,JOURNEY_DATE,CLASS,SEAT_NO,PRICE) values (100013,11131,to_date('22-APR-20','DD-MON-RR'),'SL',2,919);
Insert into S20_1_PASSENGER_BOOKING(PASSENGER_ID,TRAIN_NO,JOURNEY_DATE,CLASS,SEAT_NO,PRICE) values (100013,11132,to_date('30-APR-20','DD-MON-RR'),'SL',2,504);
Insert into S20_1_PASSENGER_BOOKING(PASSENGER_ID,TRAIN_NO,JOURNEY_DATE,CLASS,SEAT_NO,PRICE) values (100013,11133,to_date('01-JUN-20','DD-MON-RR'),'2AC',1,1837);
Insert into S20_1_PASSENGER_BOOKING(PASSENGER_ID,TRAIN_NO,JOURNEY_DATE,CLASS,SEAT_NO,PRICE) values (100013,11134,to_date('06-JUN-20','DD-MON-RR'),'2AC',1,1598);
Insert into S20_1_PASSENGER_BOOKING(PASSENGER_ID,TRAIN_NO,JOURNEY_DATE,CLASS,SEAT_NO,PRICE) values (100014,11111,to_date('02-JAN-20','DD-MON-RR'),'1AC',1,2163);
Insert into S20_1_PASSENGER_BOOKING(PASSENGER_ID,TRAIN_NO,JOURNEY_DATE,CLASS,SEAT_NO,PRICE) values (100014,11112,to_date('06-JAN-20','DD-MON-RR'),'3AC',3,1455);
Insert into S20_1_PASSENGER_BOOKING(PASSENGER_ID,TRAIN_NO,JOURNEY_DATE,CLASS,SEAT_NO,PRICE) values (100014,11113,to_date('10-JAN-20','DD-MON-RR'),'3AC',2,1150);
Insert into S20_1_PASSENGER_BOOKING(PASSENGER_ID,TRAIN_NO,JOURNEY_DATE,CLASS,SEAT_NO,PRICE) values (100014,11114,to_date('16-JAN-20','DD-MON-RR'),'3AC',2,1447);
Insert into S20_1_PASSENGER_BOOKING(PASSENGER_ID,TRAIN_NO,JOURNEY_DATE,CLASS,SEAT_NO,PRICE) values (100014,11115,to_date('19-JAN-20','DD-MON-RR'),'2AC',2,1948);
Insert into S20_1_PASSENGER_BOOKING(PASSENGER_ID,TRAIN_NO,JOURNEY_DATE,CLASS,SEAT_NO,PRICE) values (100014,11116,to_date('23-JAN-20','DD-MON-RR'),'2AC',2,1734);
Insert into S20_1_PASSENGER_BOOKING(PASSENGER_ID,TRAIN_NO,JOURNEY_DATE,CLASS,SEAT_NO,PRICE) values (100014,11119,to_date('08-FEB-20','DD-MON-RR'),'SL',3,655);
Insert into S20_1_PASSENGER_BOOKING(PASSENGER_ID,TRAIN_NO,JOURNEY_DATE,CLASS,SEAT_NO,PRICE) values (100014,11120,to_date('11-FEB-20','DD-MON-RR'),'3AC',1,1361);
Insert into S20_1_PASSENGER_BOOKING(PASSENGER_ID,TRAIN_NO,JOURNEY_DATE,CLASS,SEAT_NO,PRICE) values (100014,11125,to_date('01-APR-20','DD-MON-RR'),'3AC',2,1021);
Insert into S20_1_PASSENGER_BOOKING(PASSENGER_ID,TRAIN_NO,JOURNEY_DATE,CLASS,SEAT_NO,PRICE) values (100014,11126,to_date('06-APR-20','DD-MON-RR'),'1AC',1,2477);
Insert into S20_1_PASSENGER_BOOKING(PASSENGER_ID,TRAIN_NO,JOURNEY_DATE,CLASS,SEAT_NO,PRICE) values (100014,11127,to_date('09-APR-20','DD-MON-RR'),'2AC',1,1877);
Insert into S20_1_PASSENGER_BOOKING(PASSENGER_ID,TRAIN_NO,JOURNEY_DATE,CLASS,SEAT_NO,PRICE) values (100014,11128,to_date('15-APR-20','DD-MON-RR'),'2AC',1,1821);
Insert into S20_1_PASSENGER_BOOKING(PASSENGER_ID,TRAIN_NO,JOURNEY_DATE,CLASS,SEAT_NO,PRICE) values (100014,11129,to_date('17-APR-20','DD-MON-RR'),'2AC',2,1972);
Insert into S20_1_PASSENGER_BOOKING(PASSENGER_ID,TRAIN_NO,JOURNEY_DATE,CLASS,SEAT_NO,PRICE) values (100014,11130,to_date('20-APR-20','DD-MON-RR'),'2AC',2,1662);
Insert into S20_1_PASSENGER_BOOKING(PASSENGER_ID,TRAIN_NO,JOURNEY_DATE,CLASS,SEAT_NO,PRICE) values (100014,11131,to_date('22-APR-20','DD-MON-RR'),'3AC',1,1333);
Insert into S20_1_PASSENGER_BOOKING(PASSENGER_ID,TRAIN_NO,JOURNEY_DATE,CLASS,SEAT_NO,PRICE) values (100014,11132,to_date('30-APR-20','DD-MON-RR'),'3AC',1,1374);
Insert into S20_1_PASSENGER_BOOKING(PASSENGER_ID,TRAIN_NO,JOURNEY_DATE,CLASS,SEAT_NO,PRICE) values (100015,11111,to_date('02-JAN-20','DD-MON-RR'),'3AC',3,1041);
Insert into S20_1_PASSENGER_BOOKING(PASSENGER_ID,TRAIN_NO,JOURNEY_DATE,CLASS,SEAT_NO,PRICE) values (100015,11112,to_date('08-JAN-20','DD-MON-RR'),'2AC',1,1565);
Insert into S20_1_PASSENGER_BOOKING(PASSENGER_ID,TRAIN_NO,JOURNEY_DATE,CLASS,SEAT_NO,PRICE) values (100015,11113,to_date('10-JAN-20','DD-MON-RR'),'1AC',1,2495);
Insert into S20_1_PASSENGER_BOOKING(PASSENGER_ID,TRAIN_NO,JOURNEY_DATE,CLASS,SEAT_NO,PRICE) values (100015,11114,to_date('13-JAN-20','DD-MON-RR'),'1AC',1,2132);
Insert into S20_1_PASSENGER_BOOKING(PASSENGER_ID,TRAIN_NO,JOURNEY_DATE,CLASS,SEAT_NO,PRICE) values (100015,11119,to_date('08-FEB-20','DD-MON-RR'),'3AC',1,1155);
Insert into S20_1_PASSENGER_BOOKING(PASSENGER_ID,TRAIN_NO,JOURNEY_DATE,CLASS,SEAT_NO,PRICE) values (100015,11120,to_date('10-FEB-20','DD-MON-RR'),'3AC',2,1082);
Insert into S20_1_PASSENGER_BOOKING(PASSENGER_ID,TRAIN_NO,JOURNEY_DATE,CLASS,SEAT_NO,PRICE) values (100015,11121,to_date('16-FEB-20','DD-MON-RR'),'3AC',1,1343);
Insert into S20_1_PASSENGER_BOOKING(PASSENGER_ID,TRAIN_NO,JOURNEY_DATE,CLASS,SEAT_NO,PRICE) values (100015,11122,to_date('18-MAR-20','DD-MON-RR'),'3AC',1,1041);
Insert into S20_1_PASSENGER_BOOKING(PASSENGER_ID,TRAIN_NO,JOURNEY_DATE,CLASS,SEAT_NO,PRICE) values (100015,11127,to_date('09-APR-20','DD-MON-RR'),'3AC',1,1358);
Insert into S20_1_PASSENGER_BOOKING(PASSENGER_ID,TRAIN_NO,JOURNEY_DATE,CLASS,SEAT_NO,PRICE) values (100015,11128,to_date('15-APR-20','DD-MON-RR'),'3AC',1,1083);
Insert into S20_1_PASSENGER_BOOKING(PASSENGER_ID,TRAIN_NO,JOURNEY_DATE,CLASS,SEAT_NO,PRICE) values (100015,11131,to_date('22-APR-20','DD-MON-RR'),'3AC',2,1166);
Insert into S20_1_PASSENGER_BOOKING(PASSENGER_ID,TRAIN_NO,JOURNEY_DATE,CLASS,SEAT_NO,PRICE) values (100015,11132,to_date('30-APR-20','DD-MON-RR'),'3AC',2,1103);
Insert into S20_1_PASSENGER_BOOKING(PASSENGER_ID,TRAIN_NO,JOURNEY_DATE,CLASS,SEAT_NO,PRICE) values (100016,11111,to_date('02-JAN-20','DD-MON-RR'),'2AC',2,1572);
Insert into S20_1_PASSENGER_BOOKING(PASSENGER_ID,TRAIN_NO,JOURNEY_DATE,CLASS,SEAT_NO,PRICE) values (100016,11112,to_date('09-JAN-20','DD-MON-RR'),'1AC',2,2470);
Insert into S20_1_PASSENGER_BOOKING(PASSENGER_ID,TRAIN_NO,JOURNEY_DATE,CLASS,SEAT_NO,PRICE) values (100016,11113,to_date('10-JAN-20','DD-MON-RR'),'2AC',4,1639);
Insert into S20_1_PASSENGER_BOOKING(PASSENGER_ID,TRAIN_NO,JOURNEY_DATE,CLASS,SEAT_NO,PRICE) values (100016,11114,to_date('18-JAN-20','DD-MON-RR'),'2AC',4,1945);
Insert into S20_1_PASSENGER_BOOKING(PASSENGER_ID,TRAIN_NO,JOURNEY_DATE,CLASS,SEAT_NO,PRICE) values (100016,11115,to_date('19-JAN-20','DD-MON-RR'),'2AC',3,1885);
Insert into S20_1_PASSENGER_BOOKING(PASSENGER_ID,TRAIN_NO,JOURNEY_DATE,CLASS,SEAT_NO,PRICE) values (100016,11116,to_date('25-JAN-20','DD-MON-RR'),'2AC',3,1599);
Insert into S20_1_PASSENGER_BOOKING(PASSENGER_ID,TRAIN_NO,JOURNEY_DATE,CLASS,SEAT_NO,PRICE) values (100016,11119,to_date('08-FEB-20','DD-MON-RR'),'2AC',1,1867);
Insert into S20_1_PASSENGER_BOOKING(PASSENGER_ID,TRAIN_NO,JOURNEY_DATE,CLASS,SEAT_NO,PRICE) values (100016,11120,to_date('12-FEB-20','DD-MON-RR'),'2AC',1,1506);
Insert into S20_1_PASSENGER_BOOKING(PASSENGER_ID,TRAIN_NO,JOURNEY_DATE,CLASS,SEAT_NO,PRICE) values (100016,11121,to_date('16-FEB-20','DD-MON-RR'),'SL',1,692);
Insert into S20_1_PASSENGER_BOOKING(PASSENGER_ID,TRAIN_NO,JOURNEY_DATE,CLASS,SEAT_NO,PRICE) values (100016,11122,to_date('15-MAR-20','DD-MON-RR'),'SL',1,527);
Insert into S20_1_PASSENGER_BOOKING(PASSENGER_ID,TRAIN_NO,JOURNEY_DATE,CLASS,SEAT_NO,PRICE) values (100016,11123,to_date('02-MAY-20','DD-MON-RR'),'2AC',1,1935);
Insert into S20_1_PASSENGER_BOOKING(PASSENGER_ID,TRAIN_NO,JOURNEY_DATE,CLASS,SEAT_NO,PRICE) values (100016,11124,to_date('30-MAY-20','DD-MON-RR'),'2AC',2,1877);
Insert into S20_1_PASSENGER_BOOKING(PASSENGER_ID,TRAIN_NO,JOURNEY_DATE,CLASS,SEAT_NO,PRICE) values (100016,11125,to_date('01-APR-20','DD-MON-RR'),'2AC',3,1949);
Insert into S20_1_PASSENGER_BOOKING(PASSENGER_ID,TRAIN_NO,JOURNEY_DATE,CLASS,SEAT_NO,PRICE) values (100016,11126,to_date('07-APR-20','DD-MON-RR'),'3AC',3,1095);
Insert into S20_1_PASSENGER_BOOKING(PASSENGER_ID,TRAIN_NO,JOURNEY_DATE,CLASS,SEAT_NO,PRICE) values (100016,11129,to_date('17-APR-20','DD-MON-RR'),'3AC',1,1127);
Insert into S20_1_PASSENGER_BOOKING(PASSENGER_ID,TRAIN_NO,JOURNEY_DATE,CLASS,SEAT_NO,PRICE) values (100016,11130,to_date('20-APR-20','DD-MON-RR'),'3AC',1,1015);
Insert into S20_1_PASSENGER_BOOKING(PASSENGER_ID,TRAIN_NO,JOURNEY_DATE,CLASS,SEAT_NO,PRICE) values (100016,11133,to_date('01-JUN-20','DD-MON-RR'),'3AC',3,1113);
Insert into S20_1_PASSENGER_BOOKING(PASSENGER_ID,TRAIN_NO,JOURNEY_DATE,CLASS,SEAT_NO,PRICE) values (100016,11134,to_date('06-JUN-20','DD-MON-RR'),'3AC',4,1256);
Insert into S20_1_PASSENGER_BOOKING(PASSENGER_ID,TRAIN_NO,JOURNEY_DATE,CLASS,SEAT_NO,PRICE) values (100017,11111,to_date('02-JAN-20','DD-MON-RR'),'3AC',2,1070);
Insert into S20_1_PASSENGER_BOOKING(PASSENGER_ID,TRAIN_NO,JOURNEY_DATE,CLASS,SEAT_NO,PRICE) values (100017,11112,to_date('06-JAN-20','DD-MON-RR'),'1AC',1,2049);
Insert into S20_1_PASSENGER_BOOKING(PASSENGER_ID,TRAIN_NO,JOURNEY_DATE,CLASS,SEAT_NO,PRICE) values (100017,11113,to_date('10-JAN-20','DD-MON-RR'),'3AC',1,1033);
Insert into S20_1_PASSENGER_BOOKING(PASSENGER_ID,TRAIN_NO,JOURNEY_DATE,CLASS,SEAT_NO,PRICE) values (100017,11114,to_date('14-JAN-20','DD-MON-RR'),'3AC',1,1243);
Insert into S20_1_PASSENGER_BOOKING(PASSENGER_ID,TRAIN_NO,JOURNEY_DATE,CLASS,SEAT_NO,PRICE) values (100017,11117,to_date('26-JAN-20','DD-MON-RR'),'SL',3,790);
Insert into S20_1_PASSENGER_BOOKING(PASSENGER_ID,TRAIN_NO,JOURNEY_DATE,CLASS,SEAT_NO,PRICE) values (100017,11118,to_date('03-FEB-20','DD-MON-RR'),'SL',3,827);
Insert into S20_1_PASSENGER_BOOKING(PASSENGER_ID,TRAIN_NO,JOURNEY_DATE,CLASS,SEAT_NO,PRICE) values (100017,11123,to_date('02-MAY-20','DD-MON-RR'),'SL',1,850);
Insert into S20_1_PASSENGER_BOOKING(PASSENGER_ID,TRAIN_NO,JOURNEY_DATE,CLASS,SEAT_NO,PRICE) values (100017,11124,to_date('26-MAY-20','DD-MON-RR'),'SL',1,686);
Insert into S20_1_PASSENGER_BOOKING(PASSENGER_ID,TRAIN_NO,JOURNEY_DATE,CLASS,SEAT_NO,PRICE) values (100017,11127,to_date('09-APR-20','DD-MON-RR'),'3AC',4,1482);
Insert into S20_1_PASSENGER_BOOKING(PASSENGER_ID,TRAIN_NO,JOURNEY_DATE,CLASS,SEAT_NO,PRICE) values (100017,11128,to_date('16-APR-20','DD-MON-RR'),'3AC',4,1036);
Insert into S20_1_PASSENGER_BOOKING(PASSENGER_ID,TRAIN_NO,JOURNEY_DATE,CLASS,SEAT_NO,PRICE) values (100017,11133,to_date('01-JUN-20','DD-MON-RR'),'SL',3,994);
Insert into S20_1_PASSENGER_BOOKING(PASSENGER_ID,TRAIN_NO,JOURNEY_DATE,CLASS,SEAT_NO,PRICE) values (100017,11134,to_date('06-JUN-20','DD-MON-RR'),'3AC',1,1291);
Insert into S20_1_PASSENGER_BOOKING(PASSENGER_ID,TRAIN_NO,JOURNEY_DATE,CLASS,SEAT_NO,PRICE) values (100017,11135,to_date('11-JUN-20','DD-MON-RR'),'SL',3,786);
Insert into S20_1_PASSENGER_BOOKING(PASSENGER_ID,TRAIN_NO,JOURNEY_DATE,CLASS,SEAT_NO,PRICE) values (100017,11136,to_date('20-JUN-20','DD-MON-RR'),'SL',3,869);
Insert into S20_1_PASSENGER_BOOKING(PASSENGER_ID,TRAIN_NO,JOURNEY_DATE,CLASS,SEAT_NO,PRICE) values (100018,11111,to_date('02-JAN-20','DD-MON-RR'),'3AC',4,1398);
Insert into S20_1_PASSENGER_BOOKING(PASSENGER_ID,TRAIN_NO,JOURNEY_DATE,CLASS,SEAT_NO,PRICE) values (100018,11112,to_date('09-JAN-20','DD-MON-RR'),'2AC',2,1665);
Insert into S20_1_PASSENGER_BOOKING(PASSENGER_ID,TRAIN_NO,JOURNEY_DATE,CLASS,SEAT_NO,PRICE) values (100018,11113,to_date('10-JAN-20','DD-MON-RR'),'2AC',2,1815);
Insert into S20_1_PASSENGER_BOOKING(PASSENGER_ID,TRAIN_NO,JOURNEY_DATE,CLASS,SEAT_NO,PRICE) values (100018,11114,to_date('15-JAN-20','DD-MON-RR'),'2AC',2,1724);
Insert into S20_1_PASSENGER_BOOKING(PASSENGER_ID,TRAIN_NO,JOURNEY_DATE,CLASS,SEAT_NO,PRICE) values (100018,11117,to_date('26-JAN-20','DD-MON-RR'),'2AC',2,1672);
Insert into S20_1_PASSENGER_BOOKING(PASSENGER_ID,TRAIN_NO,JOURNEY_DATE,CLASS,SEAT_NO,PRICE) values (100018,11118,to_date('04-FEB-20','DD-MON-RR'),'2AC',2,1866);
Insert into S20_1_PASSENGER_BOOKING(PASSENGER_ID,TRAIN_NO,JOURNEY_DATE,CLASS,SEAT_NO,PRICE) values (100018,11119,to_date('08-FEB-20','DD-MON-RR'),'SL',1,833);
Insert into S20_1_PASSENGER_BOOKING(PASSENGER_ID,TRAIN_NO,JOURNEY_DATE,CLASS,SEAT_NO,PRICE) values (100018,11120,to_date('12-FEB-20','DD-MON-RR'),'SL',1,711);
Insert into S20_1_PASSENGER_BOOKING(PASSENGER_ID,TRAIN_NO,JOURNEY_DATE,CLASS,SEAT_NO,PRICE) values (100018,11123,to_date('02-MAY-20','DD-MON-RR'),'3AC',4,1223);
Insert into S20_1_PASSENGER_BOOKING(PASSENGER_ID,TRAIN_NO,JOURNEY_DATE,CLASS,SEAT_NO,PRICE) values (100018,11124,to_date('25-MAY-20','DD-MON-RR'),'3AC',4,1049);
Insert into S20_1_PASSENGER_BOOKING(PASSENGER_ID,TRAIN_NO,JOURNEY_DATE,CLASS,SEAT_NO,PRICE) values (100018,11135,to_date('11-JUN-20','DD-MON-RR'),'SL',1,645);
Insert into S20_1_PASSENGER_BOOKING(PASSENGER_ID,TRAIN_NO,JOURNEY_DATE,CLASS,SEAT_NO,PRICE) values (100018,11136,to_date('20-JUN-20','DD-MON-RR'),'SL',1,645);
Insert into S20_1_PASSENGER_BOOKING(PASSENGER_ID,TRAIN_NO,JOURNEY_DATE,CLASS,SEAT_NO,PRICE) values (100019,11113,to_date('10-JAN-20','DD-MON-RR'),'1AC',2,2090);
Insert into S20_1_PASSENGER_BOOKING(PASSENGER_ID,TRAIN_NO,JOURNEY_DATE,CLASS,SEAT_NO,PRICE) values (100019,11114,to_date('14-JAN-20','DD-MON-RR'),'1AC',2,2264);
Insert into S20_1_PASSENGER_BOOKING(PASSENGER_ID,TRAIN_NO,JOURNEY_DATE,CLASS,SEAT_NO,PRICE) values (100019,11117,to_date('26-JAN-20','DD-MON-RR'),'SL',1,847);
Insert into S20_1_PASSENGER_BOOKING(PASSENGER_ID,TRAIN_NO,JOURNEY_DATE,CLASS,SEAT_NO,PRICE) values (100019,11118,to_date('28-JAN-20','DD-MON-RR'),'SL',1,980);
Insert into S20_1_PASSENGER_BOOKING(PASSENGER_ID,TRAIN_NO,JOURNEY_DATE,CLASS,SEAT_NO,PRICE) values (100019,11119,to_date('08-FEB-20','DD-MON-RR'),'3AC',3,1279);
Insert into S20_1_PASSENGER_BOOKING(PASSENGER_ID,TRAIN_NO,JOURNEY_DATE,CLASS,SEAT_NO,PRICE) values (100019,11120,to_date('13-FEB-20','DD-MON-RR'),'3AC',4,1154);
Insert into S20_1_PASSENGER_BOOKING(PASSENGER_ID,TRAIN_NO,JOURNEY_DATE,CLASS,SEAT_NO,PRICE) values (100019,11123,to_date('02-MAY-20','DD-MON-RR'),'1AC',1,2368);
Insert into S20_1_PASSENGER_BOOKING(PASSENGER_ID,TRAIN_NO,JOURNEY_DATE,CLASS,SEAT_NO,PRICE) values (100019,11124,to_date('27-MAY-20','DD-MON-RR'),'1AC',1,2319);
Insert into S20_1_PASSENGER_BOOKING(PASSENGER_ID,TRAIN_NO,JOURNEY_DATE,CLASS,SEAT_NO,PRICE) values (100019,11133,to_date('01-JUN-20','DD-MON-RR'),'2AC',2,1868);
Insert into S20_1_PASSENGER_BOOKING(PASSENGER_ID,TRAIN_NO,JOURNEY_DATE,CLASS,SEAT_NO,PRICE) values (100019,11134,to_date('06-JUN-20','DD-MON-RR'),'2AC',2,1529);
Insert into S20_1_PASSENGER_BOOKING(PASSENGER_ID,TRAIN_NO,JOURNEY_DATE,CLASS,SEAT_NO,PRICE) values (100019,11135,to_date('11-JUN-20','DD-MON-RR'),'1AC',1,2386);
Insert into S20_1_PASSENGER_BOOKING(PASSENGER_ID,TRAIN_NO,JOURNEY_DATE,CLASS,SEAT_NO,PRICE) values (100019,11136,to_date('20-JUN-20','DD-MON-RR'),'1AC',1,2300);
Insert into S20_1_PASSENGER_BOOKING(PASSENGER_ID,TRAIN_NO,JOURNEY_DATE,CLASS,SEAT_NO,PRICE) values (100020,11111,to_date('02-JAN-20','DD-MON-RR'),'2AC',1,1861);
Insert into S20_1_PASSENGER_BOOKING(PASSENGER_ID,TRAIN_NO,JOURNEY_DATE,CLASS,SEAT_NO,PRICE) values (100020,11112,to_date('09-JAN-20','DD-MON-RR'),'3AC',2,1251);
Insert into S20_1_PASSENGER_BOOKING(PASSENGER_ID,TRAIN_NO,JOURNEY_DATE,CLASS,SEAT_NO,PRICE) values (100020,11113,to_date('10-JAN-20','DD-MON-RR'),'2AC',3,1608);
Insert into S20_1_PASSENGER_BOOKING(PASSENGER_ID,TRAIN_NO,JOURNEY_DATE,CLASS,SEAT_NO,PRICE) values (100020,11114,to_date('18-JAN-20','DD-MON-RR'),'2AC',3,1860);
Insert into S20_1_PASSENGER_BOOKING(PASSENGER_ID,TRAIN_NO,JOURNEY_DATE,CLASS,SEAT_NO,PRICE) values (100020,11119,to_date('08-FEB-20','DD-MON-RR'),'SL',2,965);
Insert into S20_1_PASSENGER_BOOKING(PASSENGER_ID,TRAIN_NO,JOURNEY_DATE,CLASS,SEAT_NO,PRICE) values (100020,11120,to_date('15-FEB-20','DD-MON-RR'),'SL',2,673);
Insert into S20_1_PASSENGER_BOOKING(PASSENGER_ID,TRAIN_NO,JOURNEY_DATE,CLASS,SEAT_NO,PRICE) values (100020,11121,to_date('16-FEB-20','DD-MON-RR'),'3AC',4,1328);
Insert into S20_1_PASSENGER_BOOKING(PASSENGER_ID,TRAIN_NO,JOURNEY_DATE,CLASS,SEAT_NO,PRICE) values (100020,11122,to_date('17-MAR-20','DD-MON-RR'),'3AC',4,1028);
Insert into S20_1_PASSENGER_BOOKING(PASSENGER_ID,TRAIN_NO,JOURNEY_DATE,CLASS,SEAT_NO,PRICE) values (100020,11127,to_date('09-APR-20','DD-MON-RR'),'2AC',4,1762);
Insert into S20_1_PASSENGER_BOOKING(PASSENGER_ID,TRAIN_NO,JOURNEY_DATE,CLASS,SEAT_NO,PRICE) values (100020,11128,to_date('16-APR-20','DD-MON-RR'),'2AC',3,1949);
Insert into S20_1_PASSENGER_BOOKING(PASSENGER_ID,TRAIN_NO,JOURNEY_DATE,CLASS,SEAT_NO,PRICE) values (100020,11131,to_date('22-APR-20','DD-MON-RR'),'SL',4,634);
Insert into S20_1_PASSENGER_BOOKING(PASSENGER_ID,TRAIN_NO,JOURNEY_DATE,CLASS,SEAT_NO,PRICE) values (100020,11132,to_date('30-APR-20','DD-MON-RR'),'SL',4,955);
Insert into S20_1_PASSENGER_BOOKING(PASSENGER_ID,TRAIN_NO,JOURNEY_DATE,CLASS,SEAT_NO,PRICE) values (100020,11135,to_date('11-JUN-20','DD-MON-RR'),'SL',5,869);
Insert into S20_1_PASSENGER_BOOKING(PASSENGER_ID,TRAIN_NO,JOURNEY_DATE,CLASS,SEAT_NO,PRICE) values (100020,11136,to_date('20-JUN-20','DD-MON-RR'),'SL',5,803);

SELECT * from S20_1_PASSENGER_BOOKING;
